momc_kod,isds
500054,b4eb2my
500089,y7yb44i
500097,eqkbt8g
500119,ergbrf7
500143,yctbyzq
500178,bmzbv7c
500186,r44b2x7
500208,g5ybpd2
500216,nddbppc
500224,irnb7wg
501298,6aebn39
502081,3qxbasv
502316,sbzbn22
538060,erdb3s9
538078,ftfbtyv
538124,atzaqa2
538175,ehpb75m
538205,bm4bju9
538213,seibq29
538302,2u4aks8
538353,haiaksg
538361,xa2a9sv
538388,z92bva7
538400,5z8aktm
538531,kfnaktv
538736,r3taksc
538931,42ebvne
538949,bz3bbxj
539007,m5pbt2p
539449,a4da5ui
539465,sufanvv
539589,bndaktz
539601,ntsbt5z
539635,zb9bzi9
539678,7p9bt2g
539694,zv6bsur
539724,r3ibjti
539791,2w9bx6s
539864,zcmap6w
539899,cnbbtxh
545911,c9ybfpi
545970,2dibh62
545988,egwbyju
546003,ufxbt4h
546046,56zbpub
546135,2s3brdz
546208,aupa97w
546224,xpkbv55
547034,nr5bpci
547042,cxnbudp
547051,u8xaktr
547107,ktcbbxd
547115,nqdbuw2
547140,einbsz9
547158,27qb3d8
547174,4mnbvza
547271,95ibzi3
547298,dkvbw9b
547301,ztib27j
547310,3pybpw9
547328,9qsbzvx
547344,ji9buvp
547361,pmabtfa
547379,i82bw8s
547387,nkybvp5
547395,wmmbtke
547409,ethakud
547417,87ubtf2
550973,qykbwe7
550990,n97byjq
551007,xyxbwjb
551031,cqubvxs
551058,rnpbwhi
551066,bs3bz7t
551074,xphb8g8
551082,hm2byk9
551091,2rbbwxi
551112,ixpbwsj
551147,x3gbyji
551171,8gsb8g4
551198,6kibw39
551210,uwcbyi5
551228,bikbwyc
551236,xddbyg8
551244,py6bvvq
551252,3xjbvwx
551279,gxxbyhw
551287,u8jbv72
551295,bj9b3rx
551309,f9ubyek
551317,sfbbyk3
551325,kk8bxef
551368,82pbzsk
551376,e4gbwnv
551406,76nbyg4
551422,b8pbw3n
551431,8urbyje
554219,dx3bfst
554227,7mqbr27
554235,jj8bfrc
554243,h4ibsps
554286,nrcbfsn
554308,46sbfr2
554324,2r7bt6b
554332,g47bft8
554367,qzgbtmw
554375,cknbn6z
554430,frpbzih
554537,iygb6cd
554561,xhnbuww
554570,xchb29h
554588,udhbfr6
554669,8bwbfse
554685,zzgb4es
554715,wu8bzk6
554723,ejibp8y
554731,u98b2yk
554758,mcyb4a9
554766,v59b4a5
554774,59tastc
555096,3kgb22c
555100,vy7byam
555118,axwbv4z
555126,hhrb36i
555339,vakarka
555355,khbarke
555371,pnfarmt
555401,eu6army
555410,h2aarnb
555436,53vark6
555461,88zarmj
556700,yfqarmp
556891,p7vb6nr
557064,5pmbyi2
557072,mbbbxhp
557978,4ifa947
559199,6xib4ax
567892,28kbykx
574716,5hpbxbt
575020,a92b54z
