obec_kod,isds
500011,59fb37m
500020,c42pa2g
500046,zgcwtb9
500062,85kpew4
500071,rbyper7
500101,x7yfetj
500127,sjtfeu4
500135,b6dfevq
500151,kxnfevk
500160,hsifeu7
500194,pepfetp
500259,rjgbakd
500291,mwaazct
500496,kazbzri
500526,z6mbv37
500623,ey6bk4u
500801,nd9bkw4
500852,ywqbsb9
500861,gtubfd2
500879,7c9bntr
501476,fuebeuh
501646,3vzbesc
501751,ba4bemj
501794,4yubeit
501841,m2najff
502146,ne2bugw
502235,5b2aw3e
502405,d8rj2va
502545,bpubeap
502839,nurbezm
503142,dtsbjc5
503304,f95azde
503410,wbsakj8
503444,4rub4s3
503622,w29bqga
503657,4hjbcve
503738,pydbnbv
503916,qwxbrmp
503941,gibb3m2
504246,62fauwv
504301,6f9b2mm
504441,a8jbcma
504505,2fabckg
504785,m7ibb52
504807,qw5a4xj
504921,buqb6yb
504955,e9ib2nd
505005,e73a87r
505013,pi2asev
505030,3kra3z6
505081,89pbbid
505099,65ra6gy
505111,c6db46p
505145,ahkbfb9
505161,8xab2jm
505188,ud7bzn4
505218,b5gba6h
505269,g3iba2n
505293,x9ebzsq
505366,wsvbawp
505391,z8ja3th
505501,6v3bat9
505528,4mua9b7
505587,zbdb4bg
505609,tv5bqfv
505650,uqkbams
505668,jxbbamv
505781,j8rayq3
505862,8gybjsw
505927,5eabx4t
506192,qrvbmm8
506214,idsb5g3
506320,iudbk8h
506451,qw2bfak
506460,iksbe8t
506486,kkcbz7n
506494,8y2buz4
506621,buza7x5
506664,hb4a3w5
506699,yi2a27r
506702,s4qbesg
506711,c4qbyd7
506729,cg9bpx3
506737,7q8bew4
506753,cskbqd7
506761,qxtbnud
506770,bf6bim3
507016,mfpbhkb
507091,pm3b2z5
507105,s26axny
507113,274arzx
507181,5cta6m8
507237,v8aaxpb
507261,zidbd38
507270,bybbhh4
507334,gihbexu
507377,jj2b4fh
507423,ruwaypi
507458,3h2bnp3
507504,6u7bdkj
507547,r9dbxdu
507580,iv5bfnz
507610,9ffbzfr
507628,m3fasz8
507644,zdwb6br
507652,icwb79c
507695,hh5ass9
507717,9g4b58b
507733,u2vedv2
507784,j8uandy
507920,nr8bczf
507971,n9bb3cx
508004,rgxa8k8
508128,96paxqk
508144,6ykbctg
508152,jhhb2f8
508357,jy5eanr
508373,egzbm8r
508501,wbbb8aj
508683,64kb8af
509078,y2zbnry
509108,52mb5rq
509116,3csb7dq
509141,uz2ayqx
509191,3uiambp
509388,i6sav7b
509418,33xbfzj
509574,tifazbb
509612,e55b3ff
509621,pwqbhid
509647,mhfbb2q
509736,ur3b34h
509752,25japzn
509841,4bqazb7
510068,safa7wf
510131,vbabbh4
510289,gcdb2et
510297,2wdb2xz
510343,4d3bpzj
510378,6hbba64
510432,c2abj2t
510483,qrybba5
510491,pcqb2jx
510556,7w6bf5a
510645,5mvb54k
510882,k9nbsq7
510891,22ubapj
510939,c4zazcz
510980,pagazig
511021,3seb39i
511081,fg5b8n6
511161,mgrar5w
511242,64sbjka
511307,inia9nb
511382,etwb5sh
511412,hs4b4kq
511587,g65amjj
511633,zi6bmm4
511935,6g8bmh9
511951,3nbbi5p
511986,bzdar2p
512028,m44axss
512176,9ejb382
512184,ib8bncg
512192,gr4bkxm
512231,unrbsif
512281,isib456
512401,jkzbpb5
512532,tyjb4s6
512745,2rkaxwc
512800,qu7bw79
512826,fahbmiz
512869,323bisu
512877,cb7bjxj
512893,dbtaxsw
512907,qj5axqw
512923,9xvazan
512974,phaaxyd
512982,bn6audv
512991,5fca8mf
513032,ey3bxfx
513041,3ssasv9
513059,wd2bmkp
513067,99wbjmp
513075,zdhamdm
513105,mwsb7xu
513113,6nabrhp
513130,7xcatf5
513148,6v9am56
513164,rmbasps
513181,mjaat55
513199,vtcbkqa
513202,v79efms
513211,x2sbenn
513229,ipbbg82
513237,urga7ui
513261,symavnp
513270,ga4aj92
513288,dxaa782
513369,g4havwc
513393,qd4a8ur
513415,xzbak7y
513423,n3dbz5q
513431,hkab56r
513458,cytasj8
513482,sk9bztb
513491,z8gbd6i
513504,t54ak3b
513512,e3yap3v
513521,m2javsh
513539,b7bas9w
513547,pynapap
513555,gs3a7ta
513571,xa8ak4q
513580,a3pajxn
513628,payb75h
513636,2k5bp6t
513644,et7a6rc
513661,we4av5a
513695,ee9btsb
513709,uqhbkyu
513717,ewqa8rj
513733,z8ab2up
513750,q8abr3t
513768,abjbqf5
513873,ai6bwfw
513890,bdibsyu
514047,b8sbkqk
514055,r3cb8hq
514152,mambdkt
514161,kh4ay69
514195,4zwan3e
514276,ds7an48
514446,hmfa4ca
514471,ehsbvsi
514497,453edsk
514527,r99bukm
514705,6pxbwa9
514772,r53bmtt
514802,tu9bs86
515191,st6bmw5
515329,fnja3ab
515418,4zmbm4k
515477,fjubmy7
515787,rrbbm6n
515825,8kdbizu
516201,u7vbca6
516350,2tcascr
516619,g9gbb9v
516635,r6xbi2i
516686,j55a83w
516694,wyqbngz
516864,hcyay5u
516899,8f4bnj8
516911,5ygasd6
517101,r3fbv6m
517151,zvdbjaw
517208,9jqbvvf
517224,2vhb5qb
517275,mv4bm2y
517321,ycbasep
517437,5x7bree
517445,pejbina
517534,744bhch
517569,85kasej
517585,ttkbnfk
517607,7tjb5kg
517615,4x6aumz
517666,9sqa7m9
517747,sp6asfa
517836,3hfasf4
517844,p5fbsbd
517887,9yna8uf
517909,a9cbj73
518026,exka5y9
519031,ai9bj4t
519146,nppbaz6
519651,9uyb8nq
520047,8iib2wh
520306,mu8bqt9
520420,hpsbs2n
521531,qvdbah2
522775,td9asik
523453,u5faxxu
523640,k5gbjxd
523704,8bqb4gk
523917,8cpbpc8
524891,jigbmbu
525227,v92ar5s
525588,sa8bfg9
525804,iswatrw
525880,wrwbp24
525979,qmvar6b
526169,4vfbfbt
526622,c3caujf
528196,wp9bi9k
529303,cb4bwan
529451,p8xbe7a
529478,eenaxid
529486,7mmb4da
529516,k3tbe6v
529524,fz6b4ry
529532,e8ubgrh
529541,d8cb7pf
529559,8vzakeu
529567,49hau35
529575,3xxakip
529583,ptea7yc
529591,xwka7vw
529605,e8nb5fn
529613,gjabnhn
529621,qmpbeue
529630,wpnanzm
529648,vjrbeqk
529656,7nvap8q
529664,5qeb74t
529672,a8dbzbf
529681,43dbgi2
529699,8vwawrx
529702,p33anhp
529711,rwnas5x
529729,eqhb6jj
529737,fp8a73v
529745,9araj3y
529753,8a7edtz
529761,shub2kc
529770,4f8jdmv
529788,kahas6g
529796,j3ka63m
529818,fmkbgem
529826,kmhayd7
529834,4mxawy4
529842,yp4a679
529851,ku7at2u
529869,n4iayb9
529877,35hbw56
529885,xjpaqb6
529893,m9dat8f
529907,asgjdqi
529915,p4tedzv
529923,5zxbjut
529931,bqwanta
529940,gzsbgk9
529958,en8aqes
529966,peuajm4
529974,krsautv
529982,tckamr2
529991,hspajnk
530000,xgvbmc5
530018,h9yambz
530026,wtxajfb
530034,uxzb5bp
530042,a3jed86
530051,bnvbte3
530069,997akkh
530085,yuybxvt
530093,sy8brwm
530107,q89bcxh
530115,h69a7zx
530123,ifibxwg
530131,gatbja8
530140,vjnbq3n
530158,mmwajsb
530166,8xdbp8i
530174,vheap27
530182,gj3bv3h
530191,i3gakm9
530204,u25jdtk
530212,d6sbqju
530221,j3bb54t
530239,tvcbgvz
530247,4eubxjd
530263,zy3ajgq
530271,2yeawc9
530280,zmkbzyd
530298,jgzatu8
530301,4qgayyb
530310,mssbcgw
530328,es2b8jt
530336,9z5b2b5
530344,8btbr5h
530352,rs3bgk5
530361,q7pavtw
530379,vbday63
530387,nkgan43
530395,qngbne8
530409,efiaur4
530417,tixb7wc
530425,ichapb8
530433,j5fan6y
530441,irubi8b
530450,4ntat7t
530468,8fzbywa
530476,rc9b8eg
530484,ehaan7h
530492,rsgakc6
530506,pruaqus
530514,mzebxkz
530522,47uaqam
530531,8wkbgnr
530549,n8taury
530557,mz7b66u
530565,t7na37w
530573,bqibx7j
530581,grhaqpp
530590,va7bmu8
530603,dr8a38m
530611,drca6zu
530620,4vmasmq
530638,tgsauit
530646,i6zjd3a
530654,v25a52x
530662,a2qay32
530671,j2wak6r
530689,7mzaszz
530697,q5xa3dh
530701,i4ubqfz
530719,y76bged
530727,mrwbe98
530735,y3ya9mn
530743,qevbgeh
530751,393auip
530760,ascajhg
530778,jjfa77i
530786,6wxa722
530794,pyjazms
530808,ymab386
530816,vf6b37t
530824,8gaazv2
530832,3cdanfk
530841,vrpbfxs
530859,b25akg7
530867,swpbpwc
530875,kueakgz
530883,zbjbfmb
530891,ev2anun
530905,9gbbwng
530913,2pxas5u
530921,fv6a9a3
530930,uiuakqg
530948,ayvbgym
530956,imgby5p
530964,cfvaj5b
530972,5b5akqc
530981,k6cbg64
530999,92ea3av
531006,d4xb8gh
531014,7cnasjt
531022,43jatuw
531031,33ubscn
531049,qs2ajtp
531057,2gubtq5
531065,t94bgi8
531073,fzrajtt
531081,i5wayyk
531090,nbwav8q
531103,dnwasnj
531111,gkfakp7
531120,kwnbmhg
531138,caibe6z
531146,gs6avg8
531154,w4eannr
531162,fwrb5iy
531171,m5va7ck
531189,yjmbxfn
531197,f6taptb
531201,i4xbd4w
531219,pz2bs4f
531227,m84bs9p
531235,tncb65a
531243,nvibnjf
531251,6eyakgs
531260,pjibyzu
531278,jrjakqk
531286,dpsapv9
531294,mk2anjm
531308,v5na726
531316,gcjbdqn
531324,chcbdkx
531332,jx7a7up
531341,hpaakfm
531359,w7ibkww
531367,jm6amhn
531375,8jebx58
531383,a8rapx6
531391,ekbbxsr
531405,z6zakpx
531413,fpiam6x
531421,vmpakgw
531430,3tabzg9
531448,e79akhk
531456,rgnb7me
531464,84cb6j5
531472,k7zbmxn
531481,nrias4j
531499,xqgbtcu
531502,deub8d7
531511,h84ap4a
531529,gededrg
531537,ir5aj75
531545,9jtbjid
531553,cujj2pn
531561,ar3biir
531570,gf6ap9i
531588,t3da7r8
531596,ppwbi4g
531600,5r9bp78
531618,433b2fy
531626,miwb5hg
531634,cgab43d
531642,cxua7pk
531651,mxubgge
531669,55cbi3r
531677,8n7amyx
531685,pqkb4zc
531693,g7ta7gf
531707,ufcaxui
531715,vzjanwa
531723,yhybsn6
531731,eb5avi6
531740,ewwaj3d
531758,iyra7b7
531766,9hda673
531774,s69bgsr
531782,bbvbm7c
531791,3ewaqfv
531804,e3pbn43
531812,niibhcr
531821,utbapxu
531839,kjuatkp
531847,n66apyf
531855,tauatbk
531863,ja3asm2
531871,s9kb7g6
531880,mw9aj8h
531898,uejaqar
531901,skras8a
531910,wtuavsd
531928,ea3bkzi
531936,w6jbz2a
531944,7bpa7p7
531952,f4ya7qz
531961,9ftap3g
531979,qigasxb
531987,5fgj2ug
531995,wfkb4qa
532002,dugb49z
532011,yagbaba
532029,5wmbaar
532037,gy7akcc
532045,wqiaj8c
532053,dyubpcm
532061,yhgaj34
532070,mtuakzh
532088,6heayt3
532096,qpmakkr
532100,4hgbn8h
532118,nfzbfci
532126,zj5a8hs
532134,3mmay8v
532142,nyubx5h
532151,zjfanku
532169,pmdbg47
532177,hymakvs
532185,54rantu
532193,xe8bgjm
532207,5fiajx9
532215,u6zbe3f
532223,u49bkm2
532231,fysayx7
532258,i5zanmi
532266,qs6jd2r
532274,sm8bkpy
532282,tp7bn8p
532291,55jj2xs
532304,s97jdyu
532312,ccvb5uf
532321,b6gj2kc
532339,ygkanud
532347,i94a7re
532355,2n6ajj3
532363,w2nat8b
532371,kcnb6i2
532380,kqqbkaa
532398,hsha8cr
532401,9aja8r6
532410,56eatkd
532428,89vanu9
532436,4qnrft2
532444,46pbr44
532452,agmbufm
532461,jr3btbm
532479,qbab5vn
532487,zk4atde
532495,ui9b5nk
532509,nhnbj52
532517,8b4as4b
532525,vfdbumy
532533,c87a75s
532541,dfbakns
532550,vc5atkj
532568,ym6bzfx
532576,mnebsdb
532584,3uxb59t
532592,ctranjq
532606,iarauvs
532614,pwta67c
532622,wzvakni
532631,j8gbxr9
532649,4cha8vy
532657,p8rb3vf
532665,3afbgpa
532673,dt3akbx
532681,h57bxgc
532690,933a73f
532711,rt2a3gt
532720,ue3bwvs
532738,ar9avum
532746,kb6axx2
532754,yd3aku6
532762,kvpb2mu
532771,byea663
532789,ywzata3
532797,cq2a89p
532801,akwbqvb
532819,h3jb7t5
532827,wq5bggb
532835,xsbbbf6
532843,zgwakkm
532851,n6vbnzm
532860,gssb6ug
532878,zhhbguh
532886,pzxb5fi
532894,9ncbmik
532908,xbzauni
532916,m75b8d3
532924,77wakbi
532932,wjdasjx
532941,turakm5
532959,rhmbsh2
532967,txdrft5
532975,7s6akne
532983,j6tbsyq
532991,s93ajrt
533009,srwakvp
533017,8gvbv5z
533025,bt5baqd
533033,himbzd9
533041,4ghb4cv
533050,3c3a8ci
533068,eegbj8g
533076,65nbgty
533084,m5yauzh
533092,t85bvnk
533106,c5yaj8m
533114,2npb7ae
533122,2kcbgky
533149,jy6asqc
533157,2zaatjy
533165,9kkbs46
533173,53hb2ye
533181,ka4bpef
533190,5mgak6g
533203,eaabdfp
533211,9u9a9mi
533220,vrvas9p
533238,b5dbmhk
533246,eerak7a
533254,ccgakwb
533262,erjbe44
533271,jgqbsve
533289,b77aqgp
533297,n72ak76
533301,q4daj9u
533319,457ajh5
533327,hzeaufk
533335,gk8at92
533343,arybuvt
533351,guwapwm
533360,2qibpdr
533378,j7sbduc
533386,wjybntv
533394,9kpbgr4
533408,689atcv
533416,yy6b6nm
533424,irrbvje
533432,6qbakww
533441,6dtbna9
533459,u4naqd3
533467,8skak7u
533475,7ebaxcb
533483,2qtaqcj
533491,mkrbmkt
533505,gsvbuhe
533513,hjvak8p
533521,htgas8d
533530,visbtux
533548,4hdbzjk
533556,kbybkm6
533564,mizbs6d
533572,6tcbvh6
533581,e5cbtvj
533599,5s5bmew
533602,s3xa68r
533611,2ekaspn
533629,rvkbikc
533637,uk4bmrx
533645,yiubpvu
533653,c3xbqtd
533661,zysbihw
533670,4una7r4
533688,c5pbi9t
533696,zsnb5yu
533700,pwmbtvf
533718,yu6ba7n
533726,sc6ak8j
533734,geba765
533742,dmrbug2
533751,byhauty
533769,dbmbkg2
533777,4fyedpb
533785,nszbkj8
533793,9zfbge7
533807,927baun
533815,qyyak2w
533823,qttatdh
533831,ey9bars
533840,a52bam3
533858,v68bn6r
533866,jf8akaf
533874,emda8bd
533882,id6at4s
533891,bcjb748
533904,pu9ap3r
533912,rbkidvm
533921,dcebt2t
533939,juhb7nw
533947,4rjjd3z
533955,b65bfx3
533963,p2bat37
533971,i42a3rw
533980,xxdbffn
533998,puybn4x
534005,ffnbe7e
534013,7iebgg5
534021,3hxby25
534030,rdqakp3
534048,tugbjnb
534056,9pwb4n9
534064,iunam7b
534072,dinj2sy
534081,3bzbxtw
534099,pdkbxsm
534102,smmaqfz
534111,sg6bgpg
534129,439bdrt
534137,sgjakfh
534145,jz2apx2
534153,jnxau3f
534161,ampbyf5
534170,be7bxrf
534188,6ccautj
534196,3b7ba5r
534200,pyabyny
534218,9yuaj6a
534226,2dma7tz
534234,sjhb7du
534242,p9tbcez
534251,u9cb5ru
534269,tjeaj7x
534277,372by5f
534285,4cpaj7t
534293,h8qbzgj
534307,qndbyrb
534315,rumbxqq
534323,ux7bgmi
534331,29uakfd
534340,zpia7qq
534358,793bxp4
534366,rdmaw25
534374,kykas9s
534382,st9bbj3
534391,7wabiwh
534404,4whapue
534412,dgkb2tk
534421,qeaaj6i
534439,wpabydw
534447,y7jaj6e
534455,62ca69y
534463,pziakhe
534471,pkhbjvg
534480,c8bbawx
534498,fpcbau2
534501,d5eakr4
534510,nwpakry
534528,xpyakrv
534536,8g9akrr
534544,terby5j
534552,r7zatj6
534561,e7ybjis
534579,rk2brq2
534587,mggbq64
534595,w9yby9a
534609,9agbi46
534617,rbkb3mw
534625,wwaa95p
534633,v3qb2au
534641,udpas32
534650,wtgb66n
534668,g6xa99q
534676,hqjb2kg
534684,78hbgjf
534692,9qvbpiv
534706,b6fav27
534714,qkwa7ap
534722,yz8be76
534731,dexbv24
534749,mh8bjkk
534757,73mapvt
534765,a3bbvbx
534773,tu6b5j9
534781,485b6fg
534790,iddakix
534803,3nkaj4h
534811,mfvauw7
534820,8fbbezc
534838,s6nakit
534846,4kvbnfh
534854,mihakjc
534862,8yiane3
534871,tuab8cg
534889,gbpbghx
534897,ahhbrnc
534901,h26anv3
534919,qnrapd2
534927,xcpbejc
534935,vdtbdhd
534943,6n6bnqg
534951,8zzbfvq
534960,g5das53
534978,wpdbm2t
534986,n9paryn
534994,kh7ant6
535001,hk6b3di
535010,9v2bg79
535028,r4ebg29
535036,j9ujdtq
535044,v7bbctk
535052,rj6buhb
535061,j46bm78
535079,t42bciq
535087,45qb68g
535095,qiybzid
535109,x9saqeg
535117,zsubhap
535125,4fzavrw
535133,auhbwvz
535141,hgybukr
535150,36navbp
535168,4zqbbri
535176,6qqb5u2
535184,mvzbyd3
535192,8d9b6gv
535206,nphbxpc
535214,9v5a6u8
535222,kf3b5r2
535231,rgzed7i
535249,zkfjd2k
535257,mq5a7ph
535265,33cajrm
535273,yn2bwnn
535281,5h3amxi
535290,d5tb5p8
535303,eirbgn7
535311,s6ga88y
535320,p5qata7
535338,4gkbrzs
535346,tnpedpf
535354,srmbjwv
535362,ze6ar67
535371,3iza9jr
535389,t4casmu
535397,nm5atvm
535401,vzyb7ue
535419,82sbpfi
535427,6xqbfks
535435,qxwbchb
535443,hy8bg5r
535451,wzhbv2s
535460,cxjb6qs
535478,7hcb7xj
535486,nbzajvm
535494,g9abyx2
535508,6w2avpy
535516,2jrakc3
535524,ijbamr6
535532,9wwbeey
535541,iadb593
535559,tjwbssy
535567,s32auvn
535575,nnmb2gm
535583,uj5b2va
535591,bjdb6i6
535605,q2marte
535613,6hwb7e5
535621,apcb48m
535630,7zvavfe
535648,nxgaubr
535656,gnyanpg
535664,hc3ansr
535672,gwabtqc
535681,dx9as4q
535699,2wgbqkx
535702,ibfbesk
535711,4nibs8z
535729,3amatz6
535737,uj8bqi8
535745,nqmedt9
535753,zfnbyr7
535761,cw6amsp
535770,4kaar7i
535788,fd4ax3v
535796,diked69
535800,sm5bw22
535818,xhua78t
535826,q7bb677
535834,kreb576
535842,qesbsrk
535851,g93b8hw
535869,5m9auqc
535877,xqdb5px
535885,ddjar8c
535893,jvrathc
535907,g4gedur
535915,qnnazq5
535923,bc2akdv
535931,et4bg4c
535940,fu7bned
535958,ns6efth
535966,suub7tz
535974,gpuajw6
535982,nqab695
535991,phsb6jf
536008,7jabdpu
536016,fbsjdxj
536024,3mqanvs
536032,9ameecg
536041,299b5dh
536059,a4gathg
536067,h4tatnk
536075,peqedwj
536083,n7nbwjf
536091,i85bkvp
536105,jkwbzn8
536113,x8mbr8x
536121,n5ba7v2
536130,5w8b6is
536148,ejmbdvv
536156,g6zefu2
536164,diujd4t
536172,dj7bdcf
536181,rkxb334
536199,mq8avce
536202,4imame2
536211,97ga7ad
536229,9dsbun9
536237,9a6b4z4
536245,387axby
536253,vq2j2k5
536261,nmxbgjr
536270,7xxbpp4
536288,gipar9r
536296,nhra9sz
536300,848b3sv
536326,8ztb4jw
536334,dbwamfu
536342,7azamsa
536351,aj2btnm
536369,jq4b8fz
536377,ucwajh9
536385,vhwbwm9
536393,df4at8m
536407,ixva94g
536415,sdjb56m
536423,bfjand4
536431,gzkb5ae
536440,wwgamfi
536458,d9kativ
536466,2cxamw5
536474,xg6anbx
536482,ptgedjp
536491,va4bx7b
536504,xbmb52s
536512,5cmbtbb
536521,gywbjdi
536539,a58amxx
536547,622bq6u
536555,448aymh
536563,6h9edy9
536571,apfbsvi
536580,3d2as86
536598,2wrarjr
536601,whqamse
536610,2gcak53
536628,hecb4xi
536636,mqub6qp
536644,uxhawqn
536652,7pramff
536661,5cwaua5
536679,curjdzg
536687,rbyar9m
536695,pkbb8jn
536709,ppza8rg
536717,rcuapgc
536725,8afanbr
536733,u8uaw6u
536741,zgtawxp
536750,dk9amv2
536768,7rzbngw
536776,mm2jdzd
536784,fa7b7fx
536792,576am2u
536806,f4aamt2
536814,efcbhf7
536822,nima6zq
536831,jiranan
536849,8a2bijq
536857,p4nbirk
536865,txpb7jg
536873,zszeciz
536881,mb4b63i
536890,qvjamtw
536903,t6hb5zd
536911,vevam2y
536920,xmcau4n
536938,f34bah8
536946,qkzauxk
536954,pghaqek
536962,253bwkq
536971,snbbact
536989,wspbxkv
536997,baeauqp
537004,86abcbd
537021,z6waw2z
537039,fwxbgus
537047,c6jbggi
537055,zusan2z
537063,wt3jdnd
537071,s9xed2a
537080,8g6aw4t
537098,pdyaned
537101,i7dbsf8
537110,cq8akji
537128,q2fbehi
537136,zgfb8by
537144,umsb7nt
537152,jw8bkyz
537161,xj7bww7
537179,fxzarde
537187,xtsb4wv
537195,vb8eeb9
537209,78bb49k
537217,z9ianp6
537225,vxfb5u5
537233,jgtbgic
537241,hdvj2wp
537250,apibgig
537268,nf4a4zh
537276,xk3bt5w
537284,zuhbm37
537292,3itbv9u
537306,miba89h
537314,6rpbqqp
537322,45banac
537331,r8pbdgy
537349,rxiaqcn
537357,em6bfv6
537365,wawapch
537373,2fgapwc
537381,shcatza
537390,uupbtrm
537403,vh7axk3
537411,grbbdds
537420,fvgapd5
537438,mw3a8wn
537446,6sgbyaf
537454,5adasau
537462,863bjv8
537489,ckrbctw
537497,gqmatgy
537501,6ahbcq7
537519,z3gefrf
537527,ctnayws
537535,nbved65
537543,e7sb78x
537551,qgtam6t
537560,5qvakdg
537578,tpkasyq
537586,umybiym
537594,5siaq6x
537608,qsxav6s
537616,dnib32t
537624,yzfa7md
537632,a7hb34q
537641,8zwbr8t
537659,hstjdvm
537667,64va899
537675,ii2bksd
537683,3qrbxg3
537691,uy9aq65
537705,8sbbj82
537713,iqybmzk
537721,7etb5xc
537730,mwdanzq
537748,zasa73j
537756,xq9b2wp
537764,trubtz7
537772,kt2bvub
537781,f5xaskm
537799,xh2ajin
537802,9j4akh7
537811,5iuavhc
537829,upmbpr6
537837,zbrasx7
537845,fpxb643
537853,mkuba9q
537861,k25au93
537870,5f2bsib
537888,xwebuj2
537896,idybgsv
537900,pajan7d
537918,tw7ayyg
537926,gytbvqm
537934,qp2b5iv
537942,niqaunn
537951,zktbsek
537969,32vb7g2
537977,crtbgte
537985,5rgbgmd
537993,nkvb727
538001,tjtb453
538019,4jeauyt
538027,adbbivi
538035,26fak8d
538043,vxtaugv
538051,krhbtu3
538086,ykpa7y9
538094,c5hb7xy
538108,qw8askh
538116,znjbkuz
538132,fn6bxia
538141,rmtbzat
538159,hf7bk2x
538167,n7ua9vb
538183,hvtbhwr
538191,b9ra7ka
538221,y94am6p
538230,rjdbkxf
538248,k5rakw7
538256,hfbbpt6
538264,8pkb6wz
538272,5n5arx2
538281,738bj5s
538299,f6ibnuh
538311,4d6bdnh
538329,jf5awmi
538337,36ab6py
538345,x4qakey
538370,vw2akw3
538396,6cxbq3i
538418,fhkakxq
538426,kbdaqd7
538434,kb9amky
538442,ht6bc59
538451,7d5bj2g
538469,3wsbnc6
538477,md2bcts
538485,qavakxk
538493,ha5bg2f
538507,gqcbsh6
538515,v6masws
538523,qyvaxdz
538540,bgxbr7u
538558,vkfbymg
538566,3xgb792
538574,nxabgzu
538582,74wb52n
538591,v3tbpxr
538604,5bubjri
538612,hvmb6kx
538621,x2yaryi
538639,qv9a7qv
538647,4rfajux
538655,jtqbx44
538663,wwcefq2
538671,y4jb5vi
538680,pctbp8u
538698,34qbpjd
538701,8jhbms5
538710,zn9b6ry
538728,skjbfwd
538744,24passx
538752,967b6bm
538761,j3ebtrr
538779,s4war4d
538787,ng3apv5
538795,nhjbwg5
538809,juyajxi
538817,uvjbqyb
538825,jdkaum9
538833,xacapvx
538841,tfzakyz
538850,39aakyt
538868,ikpbrjw
538876,vm4b5e2
538884,93sb64m
538892,de8awzw
538906,fmpa53k
538914,6tia8t2
538922,dzzami6
538957,pa3bvse
538965,8web5cw
538973,643akj4
538981,xwbb6w4
538990,4pebqfq
539015,fwcakku
539023,ntaamiy
539031,mmqa8gh
539040,g44br6b
539058,vt2b6m8
539066,zqhaskc
539074,mrqb3xd
539082,a9mak6v
539091,c2jakzm
539104,bxqak97
539112,xnqbywe
539121,rg5ajw2
539139,u46bwy4
539147,kqzak94
539155,fsjbwr7
539163,aeybpn5
539171,viaak9w
539180,tjzbgfw
539198,v9ubetv
539201,h32aj4s
539210,9h6berv
539228,ch5bk6s
539236,m93bd5b
539244,cdrb236
539252,fxtbd3h
539261,mnpatc5
539279,r9jbapp
539287,mi4bgta
539295,kxtajpz
539309,bvpbrux
539317,n8fb558
539325,3nzb42m
539333,bmwb8if
539341,e8rbs4j
539350,nntbdsf
539368,3i7akvj
539376,uw5b74y
539384,6bjak9s
539392,s2dap44
539406,e4uamak
539414,3eqbc5y
539422,2xcbmtm
539431,ydsbjvc
539457,xgsbxp8
539473,55fa8qr
539481,gbhb474
539490,gt2aspx
539503,vwnbwac
539511,q9fap9c
539520,hbwbqk9
539538,mkxaywp
539546,e5mauud
539554,942asx3
539562,pv5amag
539571,padbbvg
539597,rvhbuxe
539619,pf5bzsw
539627,ticbbnc
539643,t8fbbrn
539651,q7ka76z
539660,hrfbxt6
539686,ypeamab
539708,xr8bmsb
539716,k22a7k6
539732,i5tbbbm
539741,j64atxi
539759,arabayv
539767,uzrbxr5
539775,igsajrx
539783,c84bigt
539805,jmvbkiu
539813,qj4efnb
539821,ymdbrv3
539830,6wnb638
539848,jr6bgyi
539856,r3qaw5f
539872,b5nange
539881,iqvbycp
539902,v4yam5a
539911,2ebbrqu
539929,ghtau22
539937,7qiauz8
539945,3u2btwq
539953,qr6ank2
539961,82vbc4f
539970,vq8jdwx
539988,zv9bghp
540005,5ejay3m
540013,javbfb5
540021,iana68v
540030,hcsbmtx
540048,eg7azin
540056,pqva5y6
540064,6tmawgy
540072,7k8ajf8
540081,xszbvc4
540099,igwjdyy
540102,k3qbrhy
540111,pnxbx8u
540129,5usbr7e
540137,93ybieg
540145,r96b6xp
540153,5rdbsyf
540161,srtaw8s
540170,t9haka9
540188,w6xaqn2
540196,wneb267
540200,wtnbigh
540218,njebejg
540226,jptasa6
540234,ug4asa2
540242,3knbec7
540251,ky7bphr
540269,jznbzbb
540285,y2wby42
540293,gsybh6b
540307,9enbrvx
540315,4xvbtn7
540323,42saka5
540331,bwjbn3n
540340,dcpauzm
540358,nhxak4u
540366,m8bbjpu
540374,ju4jd6k
540382,9fmbcrk
540391,zxtbxma
540404,gewb4e4
540412,huubw25
540421,n8mbhf3
540439,zw5bdqe
540447,y82bdm4
540463,7jda3ct
540471,6qtbthy
540480,uwfbm72
540498,kf9bg3u
540501,th6bycj
540510,g8sasc3
540528,pb8atyx
540536,dunbgju
540544,8f7bb85
540552,5gzbdex
540561,dcbb6dw
540579,yv8ajqa
540587,zyva76v
540595,q4vbsuv
540609,bkmasdk
540617,jjmajhd
540625,hduawcj
540633,f4pb6r7
540641,k5naw9a
540650,es8bjvm
540668,t24b6sf
540676,4q9a8i7
540684,6mebuay
540692,7trbgwa
540706,jj5br4e
540714,qj8amdt
540722,ceway9p
540731,u67asdc
540749,bcrbje3
540757,pu3bcrv
540765,96ebwrs
540773,9ygbvij
540781,j9qajkp
540790,vq4ajpw
540803,geeavt2
540811,w96bcj5
540820,2ikbm6i
540846,u2zajkj
540854,pgzbwzm
540862,nk3bjc2
540871,amvbbry
540889,8hubgzm
540897,bubam27
540901,xqjbgzr
540919,hwvasfd
540927,xseay45
540935,d3ab3px
540943,qxqby7g
540951,pz5bgrd
540960,dq3b524
540978,iq3bbni
540986,difbiwx
541001,xt3a5vp
541010,pp7aj3a
541028,czbby67
541036,caqasgw
541044,fvabb38
541052,xe2b49s
541061,z4ybrap
541079,tw4bbbh
541087,7diapsh
541095,d7uay4f
541109,7kxbige
541117,scvbj9r
541125,8shaxix
541133,sjyajnh
541141,bqtay6d
541150,g6ubkkr
541168,67eba9e
541176,uctavub
541192,jxzbuit
541206,gd8bih8
541214,ijza7n4
541222,ch8batp
541231,c4wbbp2
541249,cmibkdq
541257,7nkbn9w
541265,hgabapt
541273,5tbayqr
541281,frsbn7e
541290,5hyayam
541303,7ywbajq
541311,abra3r2
541320,evnbx8x
541338,kuzbgqy
541346,64yaww6
541354,hk9bq2f
541362,mskby63
541371,74hak4i
541389,9nmanhe
541397,7htaj88
541401,iv2brz3
541419,z2qap98
541427,796bmcz
541435,b5jaytg
541443,4ksbysj
541451,avnau3i
541460,vqwa8d3
541478,2mzbmdi
541486,nbqbiwt
541494,k2xbhx6
541508,j6wbgmn
541516,cu2b4qj
541524,g7ib6hm
541532,zpfbh3q
541541,6apap23
541559,b9nbhxa
541567,c75bxk7
541575,j5ub744
541583,xemakbn
541591,hs7br9m
541605,zd7a7aj
541613,yyjbaek
541621,syfbics
541630,75sb29d
541648,8quasrg
541656,qb9bqrd
541664,6b9a66q
541672,bk5byym
541681,d45bjsb
541699,wxxbew7
541702,j9ia8au
541711,hribmg4
541729,ny8anr9
541737,a2tanqy
541745,4ujbh44
541753,ziabqeb
541761,2dqavgx
541770,isqbgfz
541788,ebxbh89
541796,ryzbhtb
541800,rnsbj6f
541818,xtdajyr
541826,zjcayxw
541834,y8ub2b9
541842,rawbhq2
541851,sn4bhwn
541869,zp8brmk
541877,angb7zw
541885,tdybrjs
541893,r8hbz65
541907,8m5bdfc
541915,wk2axch
541923,vyebqqs
541931,9smbhy9
541940,5uejdte
541958,97jauxa
541966,hucaqf4
541974,vnabgqt
541982,wizb3x9
541991,cv4bc94
542008,2grb537
542016,bnybg3y
542024,gtnb337
542032,tagb4pv
542041,iwzbcvp
542059,nbta8jt
542067,tr2a7b4
542075,ut7ak6m
542083,bjjbhuy
542091,b5abxun
542105,n6ybcnj
542113,97dbhme
542121,edpbcnp
542130,d8tajy3
542148,vpubxuf
542156,m87bgwk
542164,h2sbx9c
542172,6suanw6
542181,x39b75d
542199,hdxajzg
542202,r68ajzc
542211,g4kajja
542229,58jb6yw
542237,2yhajz6
542253,rm7apwi
542270,hpvbgpk
542288,aiaby85
542296,h5bbz9j
542318,bnsb5r6
542326,3c9ajnd
542334,ujfbgyc
542342,6gmaq9a
542351,3t6bwp2
542369,vngat2p
542377,ygebbih
542385,p64bw4x
542393,ggua96e
542407,5mybtri
542415,bqqbbhe
542423,2z6aqsq
542431,d7xanrd
542440,sn7a7jn
542458,brsaj2z
542466,ki3aj2v
542474,pfmas7v
542482,dw4buw7
542491,ybca7i3
542504,4jba7bw
542512,tq3bkfe
542521,wd8aywj
542539,9ceaqug
542547,mvharsz
542555,fb6bsbj
542563,2sda7g5
542571,m6nbewb
542580,5g7aqqu
542598,mp9bagq
542601,z4dau2q
542610,z7kbgxt
542628,tcbbks7
542636,x2va4bm
542644,rmwbnxq
542679,thgbefm
542687,2wjbd9u
542725,ukbbd73
542750,ue9a97p
542768,abnbd42
542784,bawb3bq
542814,kvvbdxn
542831,t5wa9rh
542865,8xgbdvf
542903,yanamm7
542911,fgcby4a
542946,qtfb4rs
542989,c7fbdp9
542997,8mxbz5h
543012,rq8byht
543021,vs9bw3e
543098,mpdbc9x
543128,c78bk94
543543,wx5ar84
544248,sz4bn5c
544256,kjgb4yx
544264,q5nb2ep
544272,9gpama7
544281,yenbg43
544299,rk5bfdx
544302,fc5bc77
544329,ac5b7js
544337,wbhbjke
544345,ngsbnwb
544353,swkbz9f
544361,pbub5c8
544370,ka7bc3c
544388,yqvberz
544396,ejfb2j3
544400,kutb5e5
544418,z2ibcxb
544426,rqibekv
544434,fmeb44s
544442,t7jbeix
544451,i3vb5jd
544469,aznbqif
544477,3pdatnb
544485,cdxbedz
544493,wq2bstd
544507,98xbyr3
544515,7umbd5z
544523,yscb78m
544531,32ybu5x
544540,acfbmnu
544558,5j8bzb4
544566,squbcc4
544574,y5fb249
544582,zw2bp3g
544591,vvsby3m
544604,5pzan6r
544612,tsmidtp
544621,knaa7xy
544639,72gbrpb
544647,zhbb5ip
544655,x2kb3ct
544663,aqebdr7
544671,i45aret
544680,zmyaqk5
544698,wiea7pb
544701,iwwbn8s
544710,iuabxjk
544728,jfxbjbm
544736,dh9b7k7
544744,gsdamwc
544752,wtra75g
544761,7gjbyds
544779,ek7buzi
544787,24bb368
544795,fz9bsev
544809,4mjb8cd
544817,dtkb72a
544825,i6eb7jk
544833,iq9anye
544841,epqbwzr
544850,y6hbbmt
544868,fgibce5
544876,5gbath3
544884,4qjanm9
544892,r9ramzj
544906,3a8bp95
544914,5jcb34b
544922,jqbbyv5
544931,e58bq4c
544949,ftibhmt
544957,bgub4ix
544965,x7nb7cb
544973,kc2au6r
544981,g4qjdsb
544990,6ivbsar
545007,zddefn5
545015,zj2bius
545023,87rb5s4
545031,x5hatyr
545040,peyjdu5
545058,9c4bard
545066,ujcbtbf
545074,ftqauxp
545082,6z9bhk3
545091,w7tamvq
545104,knybruu
545112,xxjasrj
545121,c2yb5xr
545139,yh9atmy
545147,uaaatu2
545155,tsmb3jy
545163,pinb3s5
545171,q6qbax8
545180,xx6bnzh
545198,8qjbrsm
545201,tn8b4c3
545210,cumajse
545228,pk7b5se
545236,fdzbaew
545244,hb7arj3
545252,pegbuzc
545261,sjpbipp
545279,fdwbkrz
545287,zahb64r
545295,4nmbgvw
545309,sf7bvtt
545317,dfqb5kw
545325,swva289
545341,8dna98w
545368,m8hawzq
545376,snwb6ku
545384,iphauix
545392,64pbvxc
545406,9erbfiv
545414,e2wbfia
545422,m6gb3kh
545431,7cgbe9w
545449,9khb5f9
545457,k7wbyar
545465,6c2beqg
545473,bipbkma
545481,wnkbeg2
545490,p7gamqm
545503,d6vbd8r
545511,re7bd6q
545520,vaebead
545538,tj7atrt
545546,rezb2uv
545554,hwhb3tm
545562,b3ib5e9
545571,a46bdec
545597,rjnamw9
545601,w5sbsgh
545619,6z3b6a8
545627,2ywb4xa
545643,mx2atsa
545660,i7nate2
545678,amsbm42
545694,i2kapei
545708,tgpa6vv
545716,sycbupv
545724,n2vatir
545732,psqam3g
545767,cieam5i
545775,mv7bbpw
545783,im9b8pj
545791,fmsatqi
545805,9jmb78i
545813,t2pamub
545821,8r8bwj8
545830,fjrbyba
545848,7tnbs9d
545856,aqbbp49
545864,6uzb2aq
545872,ekpaneh
545881,dc7b3kp
545899,ae9aqmx
545902,87xbg4x
545929,2j9bsx4
545937,uwqan6u
545953,75aaunc
545996,cjpb4ad
546011,zjxbu7v
546020,edhbzcu
546038,sf4b76w
546054,c8ham8u
546062,itsaqyk
546071,tk3aqyh
546089,wwvb6dn
546097,upibz48
546101,328ed26
546127,s5ebypd
546143,z7eb5mz
546151,979beu6
546160,nnzaq4c
546178,mumaujb
546186,hvwa7jr
546194,d97bpst
546216,w7qax8t
546232,sj4jdvi
546259,gbkbsuz
546267,8u5an75
546275,d2sau4x
546283,99za9an
546291,nqnavvu
546305,cbzb8mr
546330,7yqbw9v
546348,4dgatrm
546364,wymbyt3
546372,jvna5ue
546381,pena8b9
546399,agqbh4i
546402,jryb5nq
546411,ksja4dn
546429,44faq3m
546437,tksbpzp
546445,2qfbzqu
546453,fapayuv
546461,xm2bezi
546470,a6qbuix
546488,23mbh9c
546496,aapbs8e
546500,2rjefur
546518,kpubn3j
546526,qsua8hv
546534,454avu7
546542,trrb6ca
546551,rgrbvab
546577,6bgaxkv
546585,94rbry9
546593,9yjbi7g
546607,rr7bjdf
546615,zmsbda8
546623,eb2a7v8
546631,4nfb5j4
546658,qhkavqm
546666,qxse6su
546674,attbcy5
546691,756arv4
546712,7hqawjb
546721,84ma7ix
546755,r8vaqsu
546763,9mgbqbv
546771,cd5arpw
546780,c6ratse
546798,aevbzz7
546801,hkdbttn
546810,s6jawvv
546828,fzdbu74
546844,cbebcdq
546852,ct9bu6r
546861,hknausg
546879,8csbcz5
546887,n3raqrg
546895,risaqpj
546909,4s4aqmh
546917,k5ab8mj
546925,9n5bu4f
546933,9xyanxj
546941,ngyaz88
546950,4iiaxr5
546968,q2cbquk
546976,p76a7mj
546984,e4raxmp
546992,tx2ed5k
547000,5pqbm7x
547018,tr5auyz
547026,wpjazcq
547069,3q5am4s
547077,7guazck
547085,bfyb7b8
547093,haxb5qm
547123,gsaax9f
547131,48maxue
547166,ux4bsyk
547182,fpfayh2
547191,r6rb7qq
547204,py3b78t
547212,xhxavvq
547221,q6ibxme
547239,rywbt6e
547247,u5xb6iw
547255,vtiax26
547263,ni8b29p
547280,rtrb2hz
547336,4cbbvj4
547433,ez5a7yi
547441,m23b4dj
547450,qzraukq
547468,vpxbmhd
547476,gfaas2r
547484,imjbnsk
547492,ugqb3nb
547514,gfsbzmt
547531,xitas4f
547549,iifaqif
547565,gbsa56w
547581,cz7bwdy
547603,qupaqk8
547638,dnmbrpr
547646,2utbjte
547654,dura58t
547662,kp5ap2d
547689,jxwb6vv
547701,uukb54p
547719,ctgbmkw
547727,4nqa6iw
547735,qdeanxt
547743,6zdbkda
547751,q37a8x3
547760,yb5be4u
547778,5yabe39
547786,x4ia845
547794,m7mazsz
547808,4d9a3bg
547816,dvma3fi
547824,maqa29s
547832,t39a4yy
547841,686a5py
547859,f2fa5qq
547867,vwua9k9
547875,dnta4zm
547883,mymbp27
547891,xiqa5fi
547905,8ita3vb
547913,xrfbd8g
547921,5uya5hb
547930,rihbpqr
547948,euybeb3
547956,h4fb42u
547964,sh5a3j6
547972,kdta4qj
547981,79ga3f5
547999,6gfbdxd
548006,3paa5zd
548014,4h9bwsc
548022,ezub6zq
548031,jpqa4m9
548049,xm5a4ni
548057,vwjb8mf
548065,wcga6g4
548073,npsayn6
548081,uw8bvrw
548090,tmnbk8e
548103,eixaty3
548111,735bwgv
548120,dk6ax85
548146,zvjawkt
548154,kt8a868
548162,jwcbpr9
548171,h5hbdje
548189,8m2bpse
548197,7yzax8p
548201,375bnsc
548219,w48j2sq
548227,582ai9j
548235,6z6btx5
548243,f8gauku
548251,wv4bwtu
548260,f37ax67
548278,znrax6w
548286,tx3av77
548308,g96bv6t
548316,2zvbptw
548324,gamb7yd
548332,daubcw8
548341,5f8a5u7
548359,fbjav3k
548367,yv5av3c
548375,v8vbtx9
548383,yhdawe7
548391,268aus8
548405,j2ibwi2
548413,4r2bf4w
548421,3c6avzf
548430,8s7bhft
548448,f2cbf3q
548456,7pdbwtp
548464,hxjbcc7
548472,yczbcbj
548481,kfabv76
548499,ztwarta
548502,n2sa5vt
548511,xbtbhcm
548529,t2kax7e
548537,ezcayep
548545,dhrayz5
548553,869aw75
548561,icbbbzb
548570,rsdawp9
548588,wqfawjf
548596,hskavzn
548600,n2pbf8u
548618,thnarri
548626,fj5anxz
548634,ptkaja7
548642,zzuas2h
548651,ftcb6by
548669,9ksa6e3
548677,mi7a6ga
548685,id3a6fv
548693,7saapfm
548707,9evj9rz
548715,nk9awnx
548723,6pfapp8
548731,22xayci
548740,bsdbgav
548758,wmta6wa
548766,79abp58
548774,pn5bbip
548782,cc6a6t9
548791,2jnawp6
548804,6qza6tu
548812,r66j2wj
548821,rfybmqi
548839,9fibn4n
548847,8rqapy6
548855,nvtapi9
548863,kfga9h3
548871,p9zapqw
548880,4rxbsfz
548898,4xybhb4
548901,tj4a54v
548910,jdebhbc
548928,4zibyfp
548936,cfpa8tg
548944,w7fbw9z
548952,8gdapiy
548961,c6na55h
548979,n42b6wa
548987,9bcbgbv
548995,pmga6r7
549002,994awxj
549011,j58awqu
549029,hpya6cj
549037,6vaa29g
549045,xckbqwe
549053,pjtazyn
549061,jscauac
549070,sq2apnz
549088,nxda6nu
549096,he8bz6b
549100,ista54y
549118,crwa6ge
549126,y6panxp
549134,h5ebpwg
549142,cwybagt
549151,b3qbgq4
549169,b6njdw6
549177,5gwbpr2
549185,jdha6yb
549193,ipea6vz
549207,bm7a9h9
549215,mpjaqju
549223,jr9a6mi
549231,9sibubc
549240,p5ibfya
549258,nq9br5t
549266,pt7bfi6
549274,qzdb5yy
549282,r2jbyxw
549291,65uat5v
549304,itpa3bp
549312,axeaphy
549321,4e8am74
549339,jyvbrri
549347,3tdbn56
549355,m4bap8x
549363,6b6bhhr
549371,ijqb6pa
549380,32ganiw
549398,w2dbs9h
549401,qubbzyg
549410,rsybsx7
549428,9a9bsn2
549436,v28atpv
549444,jupbiyq
549452,nvfbywh
549461,nnqbp5i
549479,bwuap2g
549487,fsnbke4
549495,mqfamsi
549509,iixbw5g
549517,xuubdff
549525,s87ani4
549533,4fqbus3
549541,tb8bw5c
549550,gvka9th
549568,zngbw74
549576,8kabvcx
549584,iynbhn8
549592,8e5b3pk
549606,rg9jd54
549614,v5db63c
549622,csvarcz
549631,jzubcm6
549649,9gebkbd
549657,e5fbhih
549665,xdjbbs2
549673,v5ravp4
549681,2t2bb9m
549690,yg4bvff
549703,k9jb439
549711,kisbi33
549720,6xwaswn
549738,mt9b5xm
549746,q77b4ey
549754,gd2b67d
549771,x48bszz
549789,i8fa2yt
549797,whcbw6p
549801,yjzam3d
549827,e2qb38f
549835,2uqbv6h
549843,3ycb5gr
549851,w84b32j
549860,t9wb48d
549878,4wzbwfg
549886,qktbhmq
549894,3jkb5tm
549908,qh4b4bn
549916,ekkayrk
549924,i3ybs8a
549932,cn7bq6a
549941,gxca39x
549959,su8awfr
549967,tghbtjz
549975,aq4bxn5
549983,cdubqq4
549991,xvmbkz8
550001,ek4b7cm
550019,436bp4v
550027,emfedwp
550035,7ambw6j
550043,f3wbw7d
550051,e9mbqba
550060,6ihjdwr
550078,99qb8bu
550086,yg7bi4c
550094,j5xbvr2
550108,n2kbsjx
550116,23fb6xh
550124,9n2b7fi
550132,6fjbgqp
550141,9ixbnbn
550159,arvb68w
550167,dddbewf
550175,9i2bbyj
550183,a28b7n4
550191,j37b3bk
550205,3a5b2k8
550213,k68bedv
550221,vp5ayt9
550230,vn6bdxj
550248,y6bbyby
550256,xjka2n9
550264,rpjbtq9
550272,yffbqnv
550281,s9yav4v
550299,77tawnm
550302,2x8bi2e
550311,mtgbwds
550329,c89edq5
550337,ryaefuu
550345,8j7b7p4
550353,yegb5s8
550361,b7zbc6s
550370,kizj2x4
550388,uuyauqf
550396,apqatuc
550400,jcqaxei
550418,bzybnan
550426,65gb5h6
550434,d3aidxn
550442,wj3bcgt
550451,ywcjdx9
550469,j7yaq69
550477,wguaqjq
550485,j9kedv6
550493,9pfj2mc
550507,x72avy2
550515,gnsbbdj
550523,3kjbqpa
550531,i6red5q
550540,st3bx98
550558,hjkbj9v
550566,c5vawjq
550574,vp2ba6a
550582,in5b5w9
550591,4xaaxe8
550604,znuamtt
550612,wsyayjp
550621,6t5b43z
550639,aysbtbq
550647,9ydb7vm
550655,637apcd
550663,xd9bvpz
550671,kxrj2k8
550680,cpybyq4
550698,h6yb625
550701,usze6wj
550710,38wbwc6
550728,pg7babg
550736,9xpbmyr
550744,djzbz2k
550752,8tvb3cp
550761,idvbs5y
550779,pvxa9ym
550787,4gpbfnq
550795,qapa9ms
550809,3skbfjd
550817,h72bfjp
550825,3qubk5y
550833,tmxam78
550841,2bya22h
550850,ih3bzwr
550906,8z7as7m
550922,7e7auj4
550949,mzsam8q
550957,rzvbe22
550965,pwib58i
550981,3fsamnk
551015,b83ampe
551023,7kcam8f
551040,gdmam99
551104,9r2amqe
551121,mtraxck
551139,d39bnjm
551155,35vamrw
551163,gbvattt
551180,427b489
551201,rd5b5m7
551261,arganas
551333,f5jb3yv
551341,ub2anai
551350,dyxbczi
551384,ccybthd
551392,dwkanb6
551414,jxhamxr
551457,87cakuy
551465,ayaakqp
551473,wrbats5
551481,tyxatew
551490,9kvat3y
551503,k8pb7ui
551520,n4mamy6
551538,ucfb68k
551546,kv3aq9j
551554,xvwamy2
551562,222amzf
551571,kmkam24
551589,5qsawqj
551597,urjavhg
551601,z3zb6e3
551619,ruzancf
551627,2naanca
551635,ezfam3k
551643,2cjbxae
551651,nw4b5p4
551660,j49bbu5
551678,2j6b5a7
551686,twwbxzn
551694,nbmbu9w
551708,t2bbw8k
551716,46kb4f7
551724,e6har34
551732,pxsar3y
551741,4yrbqvv
551759,fmhbsrq
551767,787b2gd
551775,xd6b723
551783,jbnbnvw
551791,9nfba7h
551805,753a387
551813,hsebips
551821,48fbkii
551830,i9eamuf
551848,uhpbnix
551856,acibbbr
551864,9xkbybu
551872,setarz3
551881,waibyqs
551899,daxa2j8
551902,vuba7ky
551911,ghibt38
551929,dd3bytd
551937,kxcb7ec
551945,nqgbijy
551953,fb9bfyg
551961,6znamc4
551970,2fybwhe
551988,5teandn
551996,bu4avk3
552003,26caxjg
552011,8tdaurn
552020,fn9bk77
552038,pn2bmvr
552046,5zrb8iz
552054,sshbg5j
552062,fukar6e
552071,rpra625
552089,mieawwe
552097,7wfed6t
552101,a7pbfej
552119,pkebv8j
552127,6ibj2kx
552135,4cebi8z
552143,vqyedyd
552151,2zsbz6z
552160,uxbbjer
552178,vfnavks
552186,58nbumu
552194,8h2aubi
552208,zeybeua
552216,68ybsd3
552224,nicb52w
552232,jegarux
552241,rx5bkkm
552259,dkybkw8
552267,hjsaxjs
552275,6i6as9j
552283,sg3bs2i
552291,hx6b8k8
552305,7xubz26
552313,jrgaw3n
552321,fd7amqt
552330,tszar7p
552348,xm8asbf
552356,qkqbtys
552364,bnaaw64
552372,wxubq9a
552381,r6ubvdm
552399,37iasie
552402,rnyaxgc
552411,bcnbvr6
552429,2uzaw5b
552437,t4xbnvs
552445,7aqbktg
552453,yv4edzr
552461,svqb42q
552470,rsvb5aa
552488,vmebjh4
552496,ct6b7hu
552500,t4uby8v
552518,h3rbi5y
552526,nztbiz5
552534,dvibdsi
552542,9pzbsb6
552551,hefbskg
552569,4qdbbbc
552577,wwdaxsk
552585,t82b7zn
552593,k77ay9j
552607,ypbaxme
552615,feva7mp
552623,zevbq7d
552631,3ufaxns
552640,ggxaxtb
552658,9h3bq4x
552666,qi6bcu7
552674,zkqb4rp
552682,924bk7r
552691,h3nbvg3
552704,kpxbcqh
552712,dmnb6t4
552721,aurefs8
552739,w3cbd55
552747,ebcamya
552755,6njasgh
552763,srfb8k3
552771,6uhatpp
552780,7wgav8e
552798,hggamzp
552801,fhzb5vu
552810,rrhazgj
552828,552b4yp
552836,73cbnwz
552844,rz3ascx
552852,7gxanzh
552861,68kjdz3
552879,suxbvgx
552887,y7gawhh
552895,335atbg
552909,j2taxhu
552917,edvapyj
552925,h6jam4z
552933,kqta9x9
552941,sxuam4v
552950,vvaasgk
552968,xy8axi5
552976,2bsbpqm
552984,kfjaw6y
552992,3drbr9c
553000,ut4axhq
553018,pedb7cf
553026,3n4bspj
553034,nwbbv58
553042,ixyaxre
553051,3b4bmgu
553069,h76j9ss
553077,br7b4y5
553085,qg8b64x
553093,dvcb2gq
553107,3i4aw8n
553115,vybb23u
553123,fasanht
553131,gfvbpaq
553140,p43jdxf
553158,vrkbsav
553166,b9gb6mg
553174,neiamvu
553182,adged5u
553191,ffuashb
553204,fdtbw43
553212,7rear8x
553221,dvfbp5m
553239,6fdb5eu
553247,z49ar9h
553255,x4mawr3
553263,wp3b7xr
553271,3wpbyp9
553280,we7ajs7
553298,aypb5nt
553301,a5xbky5
553310,2ydeean
553328,kzgaqgh
553336,t6kbtnb
553344,2vvauc2
553352,errasez
553361,v8damc8
553379,rrzb73k
553387,zupazd4
553395,5tzbimm
553409,hdgb7qu
553417,xppbjs2
553425,q25byeg
553433,z3bbkh5
553441,4jwb3jv
553450,u8nbjux
553468,zc8bkev
553476,7s3awzg
553484,7ezbg97
553492,epzaxyj
553506,yqpb3f6
553514,xk6bhst
553522,hg9avjj
553531,uxkakdj
553549,acqanmn
553557,5xkau6f
553565,939ajda
553573,eqvau7a
553581,3embpg3
553590,fq7asxh
553603,5s2bxrz
553611,85bbrfr
553620,w8kavfi
553638,t8man3i
553646,36ja7ns
553654,yfibebs
553662,fqeajdn
553671,zgibvyv
553689,eptbknp
553697,gdfbaxc
553701,t6sa6y7
553719,kxibiq7
553727,eqpbhvd
553735,ybfau7y
553743,xaubwgz
553751,84qau7u
553760,mj3a3pz
553778,ya9bhv5
553786,myqbdp5
553794,tkvbdnm
553816,9tbb3v5
553824,vmkawty
553832,99tbvyr
553841,rvpa79b
553859,spaau8h
553867,mq2bh2h
553875,ripa22m
553883,n3na24i
553891,qqzbqeh
553905,66qarck
553913,ajca9rr
553921,cafbrh4
553930,qv6bh3v
553948,3gjau8d
553956,kxma8d6
553964,iqdarrn
553972,ynfa2ep
553981,b9uau97
553999,qhpajdi
554006,ne5bh5t
554014,qfnbpya
554022,xzwbhfx
554031,feyavak
554049,gumbnxt
554057,m2dbigm
554065,49zb3n7
554073,brhbi37
554081,mc3brx6
554090,jx4bh7q
554103,jusa8mq
554111,zqzby7d
554120,ny5ay4b
554138,wjvby6y
554146,wbpawwa
554154,xwhbh8x
554162,vv3az2f
554171,dzwaxv8
554189,yziavaa
554197,vzgay9d
554201,265a65b
554251,7bsavc4
554260,m8ea9ct
554278,bfgayq7
554294,xmub3pq
554316,s8zba87
554341,qwcavdq
554359,cj3asw4
554383,4i5btz3
554391,t3gave5
554405,4uravez
554413,5e6bvbk
554421,j4ga4ac
554448,dm2avfu
554456,4i8bhnz
554464,a98bheu
554472,5kbbnyx
554481,a8gbnyc
554499,5nubqy8
554502,sembep7
554511,7vebmpt
554529,4sqbzzr
554545,fi3beee
554553,66ibd2p
554596,effa646
554600,9qybc7s
554618,japb3za
554626,6uea52r
554634,wvebcww
554642,bprbqms
554651,uffamhg
554677,wb7b5hc
554693,guqbckr
554707,48qamhc
554740,jmya97t
554782,48ia97h
554791,6iybfxn
554804,vt8bhx2
554812,54jbbhy
554821,5zubv7w
554847,tv2b2sx
554855,p4gb7fr
554863,pg4bknj
554871,558bgai
554880,xrcbqjj
554898,ke7b8ib
554901,yrnbnbs
554910,cpgar52
554928,5deb2v4
554936,54nay6x
554944,8fhasb9
554952,9eua47u
554961,a89bwi8
554979,7v4b7kr
554995,szbbfjh
555029,hhxbfgd
555045,wj9apsp
555088,7zhb6tn
555134,ukzbx4z
555169,8duamir
555177,i79bpnz
555185,s75bdzg
555193,bjna7hy
555207,g3fbmdr
555215,3m5b7tw
555223,mjvbqd4
555231,s3rbtwu
555240,rbpbrat
555258,xr5bx5e
555266,3q2ayfv
555274,q3eazd8
555282,nsba2nc
555291,iq6azbh
555304,yynax3j
555312,fsuaxqz
555347,69xbc9p
555363,8yxb7c7
555380,b56bu3f
555398,y24bcev
555428,d5zbgz2
555444,pvrbwnr
555452,i2ebb4m
555479,a6wa7ut
555525,spsb3ti
555533,vzdbbke
555550,w38bbcw
555584,q4sb47y
555592,qkmb6bv
555614,5e3b7np
555622,ymnasuv
555631,gpdb7mi
555657,ji6b68s
555681,ewmbi4j
555690,3vbauvg
555703,pvubkbn
555711,cwaaqjx
555738,bhtbpej
555762,q9xbwud
555771,24ebrt5
555797,59mbfhg
555801,dtpbvp8
555835,jsxbqib
555894,p3pbxvx
555941,t6vaum5
556041,grzbxaq
556068,hvqbt9u
556076,5rab5bi
556084,4p7bxzj
556106,agib6sp
556181,mknbxxv
556203,wdxbxxr
556254,ubnbxnt
556301,668bxxm
556319,p4ra8ej
556335,x3razic
556343,hycbjwy
556378,rzpb3q8
556386,phybhv9
556394,9hyb3f2
556432,kwjbxui
556467,fyhbxyd
556505,fbnajqi
556629,zeaauxe
556637,m5sbhpm
556718,nfbavfn
556726,qrsbxya
556734,t3abh48
556751,hhubrtf
556815,accbxzw
556831,gwdbhd9
556858,8t9arye
556866,5yybyy7
556874,76xazfw
556882,v9nb3h3
556912,hbtb2xb
556921,i5mbxzs
556947,2jab73e
556955,cp6bb2w
556963,vqtbiq4
556971,q7hbih2
556980,j2mbj7x
556998,i6kbive
557005,cjsbrxa
557013,dhgbx2b
557021,6g5bxub
557030,mmmbith
557048,32dayvy
557081,eh3awrd
557099,narbx27
557102,ysibjig
557111,faebxv3
557129,w32bx23
557137,xmxbrcm
557145,cgnatp5
557153,i7ab4sa
557161,ptbbibd
557170,d4cbb8g
557188,k2rb6mc
557196,p6kaqhw
557200,x63ba4c
557218,5qhbvrr
557226,a4ybz4h
557366,976bq79
557374,mcabidb
557382,iyuauy4
557455,3xnbjjv
557463,qhebieq
557528,u5cbaav
557536,gnkbx3q
557544,7vbbx2v
557587,dv8bxph
557641,8y8a8bz
557650,sjsa8cn
557668,8efbhsm
557676,9y9b44e
557684,vmha863
557722,d8qawb6
557731,5xebhui
557749,rkfavg3
557773,saiavjd
557781,izfbq8z
557803,vf9bruq
557838,i9tb6sj
557846,meqbwqp
557862,3eibzt5
557871,84ibhvx
557897,g7wau5c
557943,drxb29t
557951,6jubc6d
558001,ygbbmvj
558010,viya66u
558028,7bkbh27
558044,8e8brch
558052,2sgau52
558061,39ya6vr
558079,bjrau6v
558095,dmubh5x
558109,f6mbchf
558117,w8ebh5m
558125,cfkbi6h
558141,pfcbr83
558176,phvbt8c
558184,u6bau6j
558231,b6ca8da
558249,hcpbx62
558257,ww9auzd
558265,bzaa4ds
558290,u6wbrei
558303,5aybnit
558311,eusb2z8
558346,jtwbbex
558362,5m3bhef
558371,dyrbzpq
558389,u4abzrc
558401,2f3bj6b
558419,83jbwzb
558427,7vhbbcq
558435,rpnbhd6
558443,dpeby9i
558460,7d8a9pg
558486,uxea83q
558494,qvyb6r3
558559,d8ma8n9
558567,7beb6qd
558583,zapbiek
558591,pwwauu9
558605,n8ibts5
558630,2rha99f
558656,7j3bk9p
558672,v9rbq6y
558699,gpna8kc
558711,weza8gd
558745,heqatja
558770,g7qbhtf
558788,k83awga
558796,p7ybubn
558800,q3zbvm7
558834,2e7bnxk
558851,v7zbwqj
558869,ueabpbx
558877,n39bxch
558885,hbzbd96
558915,n9ka4br
558931,i2bbnfq
558940,ugwbey5
558966,g2gb2h5
558974,z43bexk
558982,ez8avmg
558991,nd6bw97
559008,wrzbdp2
559016,68ced3h
559024,pthavma
559032,nujb3pt
559041,4c7bssu
559059,afubkvt
559067,ffjbrih
559075,jidbxnx
559083,m26br2g
559091,3rwavnk
559105,p73bhyj
559121,yzcbhyd
559130,jpfb3nf
559148,yb2brfx
559164,74zbtpk
559172,jd4b28a
559202,wzeb8dv
559211,7qcbhpc
559237,a5ubxb8
559245,xtaawbu
559253,nw7btcz
559261,ngvbcj9
559270,4ftbifz
559288,2xmansf
559300,8hrbtcq
559318,7zpbh5h
559326,fkwawht
559334,ttpbb4h
559351,km4bum6
559369,68aa8g7
559377,ci7avpe
559393,p58bzv8
559423,8psbh8u
559431,r65awcf
559482,ugtbrb8
559491,nifbtpu
559504,p5cb4ng
559521,vmbbvu6
559555,6wrbuq6
559563,ue6bkiq
559571,ghmbhq6
559580,yjtbarh
559601,mhcbndt
559628,6wubid3
559661,c23btkp
559679,qakbjys
559695,39pb5wx
559709,tntajex
559717,mmfb7hp
559725,p8ubrid
559733,jnrbhrj
559741,uf2bhrf
559750,yu3bmir
559768,7k5avsa
559776,8jpay42
559792,yjqbk4j
559806,sa5brtb
559814,r59ay5q
559822,jmsbwvw
559849,pirbrf3
559857,bk8bnmj
559903,747a6zg
559911,7cdbrkz
559920,zyyavts
559946,yydbw4r
559954,yghay7g
559962,2k2b2hw
559997,54dbx75
560006,xvibxcb
560014,us5bcm2
560057,89say7c
560081,h23ay86
560111,sucay8y
560120,c9sb4dp
560146,hg3bh9n
560162,58rbiar
560171,s29ambv
560189,jcibj4m
560197,mcda72a
560201,g3qancj
560219,tx6aju4
560227,4ztazeh
560235,ds4azfb
560243,v4vaygd
560251,ucmbiif
560260,vtfbad7
560278,uqsamxn
560286,6xmbrxu
560294,uigbv4q
560308,iwbasyt
560316,j6qb5bt
560324,qx4apt7
560332,4b8b7w8
560341,d57aubx
560359,s63b5gx
560367,pm6bqn3
560375,wk5akze
560383,8rfbnzc
560391,4tyamu7
560405,zpmavdm
560413,dmxa7sw
560421,ryeamjd
560430,86vb8je
560448,7wjajvb
560456,pt4brv8
560464,ya3b6jb
560472,riebz3t
560481,crzat5b
560499,ca8by3x
560502,4bibmza
560511,i6vaju8
560529,6hhangz
560537,u2mbuyt
560545,uedbcyu
560553,b6iajp5
560561,2rpamja
560570,6n9bcdd
560588,5y6bca2
560596,ghfb6eb
560600,w4tb7kv
560618,biyamk4
560626,9daam37
560634,6mbb6m3
560642,jcfbwfq
560651,y8xbpy6
560669,fbiedzz
560677,gq5bz3z
560685,mmtav5e
560707,8eia7fm
560715,2tubyxs
560723,x7xa8b5
560740,b7tbzux
560758,7ibbst7
560782,49bbhr9
560804,2nya798
560812,85ebe4n
560839,yp7auu6
560855,g8hbrd9
560863,9hgauuy
560898,u55bhuq
560901,sefb3dc
560910,vabbqmg
560928,2syb3q4
560952,w93bnw7
560979,ijwbhz4
560987,4v7e6t5
560995,tchax44
561002,tc7bhzy
561011,36gbhzs
561029,8kied96
561037,77fb72v
561045,546b7rz
561053,igbb7ga
561061,gibidvr
561070,mxrbstg
561088,5rnatx9
561096,zkwbf3h
561100,6mpau9s
561118,ejtaq7s
561126,j2qa9uw
561134,88mb2zt
561142,9w4arqv
561151,ww3bhph
561169,xhrbiju
561177,rdcbv3b
561185,b59biqd
561193,3cybipj
561207,wbka89d
561215,gkub5mb
561223,j52bjex
561231,ez2bibj
561240,83uaxy5
561258,pudasuy
561266,9adbvf9
561274,3dnb4kf
561282,vesayd3
561291,wihavc8
561304,ggrbkhf
561312,vbybve2
561321,dujbsww
561339,a9fa9u2
561347,9q6aqhp
561355,t5tbj4h
561363,9c7ayec
561371,bt8aydc
561380,bkfbe3p
561398,yrxapak
561401,vfab6y2
561410,g35b7ap
561428,2ivan5c
561436,d9ebf8y
561444,8pyavir
561452,gy4awpf
561461,rnva9te
561479,4j4bevp
561487,exhbgba
561495,cpabet5
561509,nzmb7pb
561517,mp3bw6v
561525,r7mb4xe
561533,75ybej8
561541,a7vasqg
561550,yvrb7fm
561568,qswed47
561576,bdqa6ar
561584,yaabwzf
561592,vwrbjx9
561606,rgubix8
561614,jfcan3n
561622,ar8eds2
561631,5gtbz44
561649,ee6b55e
561657,vk8b77b
561665,v2xbsq3
561673,ydyaw79
561681,qb6b24f
561690,vtmamp4
561703,9sfb6nf
561711,jgmb48h
561720,darbn9b
561738,823aqec
561746,hy5btgu
561754,9v8auh6
561762,y3sbwbr
561771,dfwbgwq
561789,anuawmn
561797,h4mbgcp
561801,3nea8sn
561819,xdnazf2
561827,86ybv8b
561835,ys8b5fe
561843,z98a8k4
561851,9i8apag
561860,b7wbphv
561878,kgfaudp
561886,mdcasww
561894,2txbnkq
561908,2f6a9ta
561916,5n2a4a5
561924,xjebpcc
561932,c44anzw
561941,xtybf8q
561959,v2ub435
561967,i3dawyb
561975,uvgb3be
561983,adea8ii
561991,x3uan79
562009,y33axaj
562017,xztbtsz
562025,fzgbiuz
562033,yjwayeg
562041,hrqaysy
562050,fhbbjyw
562068,9habhi4
562076,txvbiva
562084,9rnbw4n
562092,ifqba8b
562106,hizapzy
562114,am3an3u
562122,3yibgsj
562131,n7rbj8c
562149,czpapsw
562157,sjuedxy
562165,dzta98b
562173,xkfeftc
562181,j89b7b4
562190,ncsatff
562203,bb6an66
562211,ypzbhia
562220,rveb7ah
562238,2y4bf95
562246,gaqbvmb
562254,8hnb5pt
562262,6jnbzui
562271,tp4bzjs
562289,95wap6s
562297,p7abaeq
562301,kndavkw
562319,ykeb6zf
562327,wv7bkgs
562335,x9hbpfn
562343,hdra8pn
562351,ymgbfiz
562360,rjabxai
562378,4rbed5f
562386,5nrb3bb
562394,cu5bsdg
562408,2r4b6he
562416,nbib7kz
562424,fzvjd2v
562432,8t6a4bh
562441,s2vbwp6
562459,kqwaxk7
562467,8aub69v
562475,nz2j2v6
562483,yejbtf6
562491,e5ia67g
562505,wggbzxy
562513,y4rbg7d
562521,zj8av6p
562530,xcsa38b
562548,kxpedyg
562556,6ryarph
562564,bx8btu8
562572,dd6bngb
562581,34mbzwf
562599,3f7b6kq
562602,26ub56h
562611,upqbde3
562629,brbb7rd
562637,8k3b4ws
562645,fwubs7v
562653,c8wb66y
562661,dqabwg9
562670,rytb6hh
562688,hdteeay
562696,2aaed7c
562700,igebu57
562718,scya9wq
562726,vipb572
562734,zs2aukk
562742,46bjdq5
562751,h8wbcsd
562769,w8ha7sk
562777,sdrbhgg
562785,gpqed7n
562793,a2fbx48
562807,6kwampz
562815,7ewbtka
562823,8y5bin2
562831,u2ib7bw
562840,fu4byrg
562858,8jkbbf3
562866,5feed8r
562874,kcxa7hu
562882,kabbfuj
562891,96hbkep
562904,5t6edvw
562912,ea6bang
562921,av6b3nk
562939,78patvb
562947,7svbjpk
562955,drfauns
562963,zj7ed44
562971,497beyz
562980,3rmbups
562998,92haqxs
563005,y88aqxy
563013,i6hbu8h
563021,gd5buua
563030,hr8b7d2
563048,kmzb6y8
563056,7jgaqzq
563064,ua6aq3t
563072,p2zbdy3
563081,m2abutp
563099,9zcbsra
563102,uaybdrx
563111,79jaq42
563129,6dqbymc
563137,n3jbdfj
563145,q6wam95
563153,af5amum
563161,9z8bpy2
563170,9pmjdx6
563188,5ira7ue
563196,zjub7iy
563200,zr6axdw
563218,yvubu4i
563226,fkmbviz
563234,fzmed4b
563242,pxeb3f9
563251,cfeb7un
563269,sgda85n
563277,mb7buqg
563285,985bb3v
563293,7w3bsgd
563307,45za77a
563315,xgaaq46
563323,bbybbu9
563331,93vburj
563340,c7maqz5
563358,4ecaqyb
563366,kwuaytc
563374,vcaj2xw
563382,ufub6fk
563404,4v5by8r
563412,wr7aqzw
563439,mywaqzz
563447,qsjb7i3
563455,7vkayzp
563463,qcfa337
563471,ydva9ic
563480,nj4byge
563498,kbvbwy8
563501,4stbpnp
563510,wufbr2a
563528,3tnap4y
563536,97abtyg
563544,svza5zi
563552,8pva7vt
563561,hnean8w
563579,psfbk4n
563587,w46ed6z
563595,q46attp
563609,6mhbhxv
563617,d2hbt55
563625,gyqb73p
563633,yh6a5y2
563641,x7ubin6
563650,4x3a6y3
563668,7i7bp2y
563676,rrkan5g
563684,58xavkn
563692,jfubvnq
563706,9b5bpvq
563714,avdbt4q
563722,mmsed3t
563731,jjhedsu
563749,rvzjds7
563757,sgabjgp
563765,ws3am8k
563773,jysb34k
563781,sfpan8s
563790,fjxbbm5
563803,ivfavr5
563811,5egbben
563820,92zbxiu
563838,vivbhhv
563846,u9qaudj
563854,vsdbzum
563862,6p2bjx6
563871,zbgbryd
563889,7c6by6u
563897,hf4bxd2
563901,f98an2b
563919,ic4bjj7
563927,ykredjk
563935,3mfbmwy
563943,4f4ajet
563951,8vib757
563960,4c4b45x
563978,vp8ang7
563986,vqmb7e9
563994,c9dajfj
564028,t27bufd
564036,57vbk32
564044,6rsbedk
564052,v4pbk6g
564061,d6pb2ww
564079,4tpbkvd
564087,uasb2f4
564095,4tkbw8g
564109,jpmbey9
564117,awcbeyc
564125,gkcaw29
564133,xf4bdsb
564141,zv3b47u
564150,m8kaknn
564168,5vxaqdx
564176,8u2azi8
564184,w6rbdc5
564192,pksakua
564206,yadbknd
564214,33rb4pr
564222,pb2bgn3
564231,prjbpvy
564249,exbb4zf
564257,dqnak4y
564265,63tbyqn
564273,nqrajis
564281,6tfbi63
564290,r2rbb9r
564303,77mbjcq
564311,decazs5
564320,gvsak5c
564338,na5annx
564346,ajiak3j
564354,hm8bbw3
564362,qr3ayx4
564371,nkabbs6
564389,fw5at6p
564397,pzfawug
564401,2g5aupx
564419,2a7atgq
564427,zhpat6e
564435,qqeat6i
564443,256bj9m
564451,5s8ba3t
564460,xh6jdrq
564478,z5rbyug
564486,ehvbjfg
564494,rdfbjq9
564508,w78b6tu
564516,de2bjp2
564524,67haywd
564532,npkbmc9
564541,q3han25
564559,h3ua8sx
564567,tpebfnu
564575,zwfatth
564583,ry4a7gb
564591,ectbffy
564605,j3hbhen
564613,iqaa34q
564621,ciwbuqk
564630,k8ya8tc
564648,nmubswt
564656,9thbe7y
564664,ibcbq5p
564672,zypbuuy
564681,g4ea79f
564699,dimav8u
564702,4dabgfq
564711,8axbuws
564729,jhvaq3x
564737,dsbarvf
564745,mvea354
564753,btfaqtg
564761,uvra4a8
564770,tnxjdmz
564788,inqaky5
564796,yxkbpiy
564800,nswbwwa
564818,kmbbk3a
564826,7rwbyty
564834,k7earpq
564842,kkqaqtd
564851,ur6brrf
564869,um9ajxf
564877,4phbd4m
564885,ihjatbq
564893,fxqbqek
564907,y36akxg
564915,di5b4tv
564923,5y3bnm5
564931,bdtatxn
564940,gxfarwu
564958,vdzaqt9
564966,r2nbnku
564974,jkeas36
564982,egearys
564991,f43avdw
565008,4rdj2r7
565016,fnnaqx8
565024,g38buxk
565032,57aaqt3
565041,6xuj9tv
565059,cembyav
565067,4aua34g
565075,5twbuyp
565083,rikbddn
565091,ziga3q8
565105,vgiastg
565113,qbnauhe
565121,smfbc54
565130,j3pauqj
565148,eyjaquv
565156,qhbburt
565164,x9kbc4j
565172,khwbmuc
565181,bjgbt73
565199,jt4anqu
565202,6ubbgds
565211,ns7axv4
565229,ytbbs49
565237,4yxa37s
565245,sfebm9y
565253,rj3b6ud
565261,f7kaxd5
565270,cufa8gk
565288,s57b798
565296,yi5aqun
565300,tviat7w
565318,qsnbu7y
565326,rhwatgu
565334,xshanr3
565342,r5da3wx
565351,diqajvr
565369,m8zb5ks
565377,8jsanry
565385,umdanqp
565393,8vqbjf2
565407,5enanqj
565415,wfyatcz
565423,ak7aru5
565431,jpibrbc
565440,3rib62u
565458,ihabscw
565466,xs7a8nz
565474,iu6busc
565482,chiaqwt
565491,q52aq2e
565504,tyajd34
565512,pp5j2yh
565521,s3ubhjs
565539,syia7zr
565547,bbaarxd
565555,qdwbviv
565563,x45b5c4
565571,c9aavsm
565580,k2camp8
565598,v34aqwj
565601,yksavm7
565610,gdiaykc
565628,uc2jdqb
565636,2hzarwm
565644,i33bgv7
565652,2m7aypf
565661,imuaprf
565679,fi6a33d
565695,x8was7r
565709,fypbba8
565717,mucbtkh
565725,nuxasbi
565733,eh6akea
565741,mtjbj2p
565750,q4ybght
565768,445bayh
565776,jijbayr
565784,ti8a8v6
565792,q2ia36h
565806,f89a36p
565814,45tbuvd
565822,9aab7sb
565831,tnfbus7
565849,6vdaqwd
565857,wetbu6g
565865,5wfbwyw
565873,j4jarx9
565881,4mrbjn8
565890,6n3by3i
565903,zxbaq28
565911,854byzk
565920,93dam6h
565938,ac8bu8p
565946,dvqaq4f
565954,qfxaqx4
565962,qc2byb6
565971,gc9bxmk
565989,uvuarx5
565997,q6mbmab
566004,i24bvzj
566012,8uubm8b
566021,cgdbsqb
566039,p4xajqe
566047,tgeb5w3
566055,dhuann3
566063,6a7bwm5
566071,jhsa3e2
566080,ntvbhsw
566098,3g6brgc
566101,z2cbzmh
566128,k8sbvhg
566136,5avbyvv
566144,hvzau8n
566152,htybzte
566161,i97aveb
566179,jctak3f
566187,eqsa7id
566195,xw7b35v
566209,rj9bh68
566217,wc9bd2v
566233,2b3aqpf
566241,s9pbu53
566250,ym9bn4u
566276,ph6au76
566284,9vcaxad
566292,tnibif5
566306,jwmaqq3
566314,tzmbdbq
566322,p6ebc7z
566331,xzqb554
566349,trxbhn5
566357,xcvarv8
566365,sneaxzs
566373,urdbh7j
566381,upwaqqy
566390,um6awai
566403,thja34k
566411,txsbu8d
566420,cxrbh2k
566438,7npbcwt
566446,wibbh2b
566454,frvbcub
566462,2d8b33y
566471,2abav9x
566489,avgbhrn
566497,v5jbid7
566501,hyfa9jy
566519,eyabpv3
566527,n9ebqzu
566535,wytbb5w
566543,36dbucv
566551,zfubb3z
566560,y5qa333
566578,4rcav72
566586,ph3a7i9
566594,cizbidh
566608,8bfjdri
566616,fh4btis
566624,2nsbuxb
566632,a3kawar
566641,2sabht5
566659,z3ea964
566667,674bu6c
566675,ky4bzut
566683,3z4bxw8
566691,fidauhi
566705,8s4btsv
566713,ci4a72g
566721,tnqavr2
566730,kcubhuu
566748,brpawd4
566756,9d3avm3
566764,z37bhqw
566781,8kjawbr
566799,dxdavvx
566802,h66bicy
566811,kjjbsmv
566829,fvdazq8
566837,usxbzb7
566845,dftbs9t
566853,mzkbawt
566861,5inbh7f
566870,xu2aqrc
566888,su5a8st
566896,jhkbp45
566900,smcbpg7
566918,8nbaqr7
566926,9p4bfy3
566934,iyjbtza
566942,spvbrgg
566951,hfkaqsy
566969,c5sa8ws
566977,zakburp
566985,q7ebuu4
566993,te5aprb
567001,pn8ay7n
567019,axzbjrx
567027,pffbfvy
567043,hsbbu2u
567051,nqja78x
567060,4i2b6c6
567078,qpiawxt
567086,mcgavp8
567108,uusbhei
567141,5xha7hi
567167,pm9beby
567175,fp2burz
567191,jdbbtnf
567221,rwdbr65
567248,vsgbphj
567256,8tybqzk
567264,47nbcyq
567272,ndnaqn6
567281,yfcb2zx
567299,fbabu4s
567302,gcraq2i
567311,sz7bcs9
567329,v5gbuqa
567337,8ppbujx
567345,p3sbmiv
567353,njkarvc
567361,c35a35a
567426,m9vb2tg
567442,nmrb49w
567451,qdtb7vx
567469,expatm7
567477,3gga7jg
567485,tztaqmm
567507,fg8bwb3
567515,jeabei3
567523,x7rbuz8
567531,tv8bd4s
567558,tbcbzwj
567566,xntbnjc
567582,zfrbne4
567604,2y7a5w4
567612,hfebdg4
567621,yixbdis
567639,mmibu6k
567647,6sjbmxc
567655,r5ybx6w
567698,k59bth9
567701,ajfaxen
567710,bwnbcqk
567728,5xbbt7m
567752,58ua7xq
567761,hn7awsr
567779,gw3b3a7
567787,ks6bymm
567809,bf9a8a2
567833,w4bayzt
567841,hrmba5z
567850,dkdaqna
567868,wtjbutj
567876,9rubaeh
567884,e82at3d
567931,ztta36d
567957,dgyarfc
567973,29na85i
568007,7hfbvkh
568015,6s9b7ua
568023,w2gbgwe
568058,en2bc4v
568091,eagaqrk
568104,nf7asnf
568147,63zbb2g
568155,vkmbbxa
568163,fekb6nv
568180,6zjaxp7
568198,r9naycn
568201,bazbqym
568210,qdbazaw
568228,6sray99
568236,aq7bmb2
568244,wuibfp8
568261,evxay7r
568279,hiqbn26
568287,yv2a8ef
568295,2ihbyhm
568309,q6tayk8
568317,pa6bjfc
568333,4dyb2cn
568341,xkabkj3
568350,kmebaq8
568368,wrtb2d7
568376,hx9bv95
568384,u58a7hq
568392,hmcbepb
568406,jm3axuq
568414,5uvbfub
568422,ixsbkfh
568431,pv2axmj
568449,av9brbh
568457,brqj2x8
568465,nefax8x
568473,4v8bnvn
568481,k62b232
568490,8sea9vz
568503,ywtbfy6
568511,cmqaxpm
568520,avab6ft
568538,af2ax7q
568546,w26b2tc
568554,63wbndj
568562,a2ibmr6
568571,9gkaxma
568589,tmjbxjh
568597,mewa92j
568601,v7hap5h
568619,ar6a77q
568635,c32begb
568643,ksnar2j
568651,4arbefh
568660,qccbee8
568678,i9bax7i
568686,tq9axrb
568694,j9mavxr
568708,xy5a9v7
568716,ausaxut
568724,xurbpsh
568732,g99bjtq
568741,29gbvtm
568759,94ubfm7
568767,2a4a5ts
568775,7pnaxsh
568783,g2uaq5u
568791,nfwbrpm
568805,p7dax3p
568813,4r5a5rw
568821,fznav6w
568830,q98axt7
568848,h6gayf4
568856,2n2edui
568864,n9hbens
568872,u3hbr7i
568881,nckbf5i
568899,sxrayfy
568902,8acaynu
568911,s5hbnca
568929,n45buj8
568937,936avqd
568945,4swbdbk
568953,xvtayb5
568961,wzkbjpq
568970,mfhb6ag
568988,7jybxks
568996,qj2a93y
569003,pgbbc4p
569011,r8kbpt2
569020,262bhgc
569038,fi9arqb
569046,bhwbc3g
569054,7ufb2t6
569062,86gapma
569071,e2bajab
569089,hm5bm96
569097,bxmaxka
569101,3febw2u
569119,rwgbft2
569127,fykbmmb
569135,988azqv
569143,nwkaw42
569151,hkgbhgk
569160,2kiatwu
569178,gvpaxgf
569186,cvzbpk7
569194,izqar7t
569208,e76awun
569216,gqia5t2
569224,w35bmpz
569232,jvjbf7f
569241,5f5bf78
569259,98far6z
569267,uiraw3i
569275,myta3c4
569283,atqbpb8
569291,emgavya
569305,bgjjdtu
569313,4e5ayi7
569321,gw6bqx4
569330,nseaqb9
569348,9vxbtic
569356,dy5aqbf
569364,dgpbqgi
569372,awiasa9
569381,6babkay
569399,ii8ax4a
569402,3nhawfk
569411,rhta5tw
569429,bs6bpuq
569437,wmwauj8
569445,fvybvy6
569453,tdaa7nw
569461,4tvax7a
569470,in8btj7
569488,xg3ayn2
569496,zijard5
569500,y6kazas
569518,2cuax98
569526,nj7bm5b
569534,5t7avxh
569542,7pgbkgm
569551,hgdaycs
569569,yptb58f
569577,k5dbwag
569585,kkfbpuj
569593,thdbqsp
569607,sc3axjn
569615,9rxax3g
569623,pqsbgb7
569631,sy5b39q
569640,s23a9z2
569658,exebsnd
569666,h9vaxn4
569674,gazawk5
569682,8kga8nu
569691,2n3avw5
569704,t33brn4
569712,n5eaviy
569721,irxa8va
569739,kx8b4m5
569747,hjhbwky
569755,6mka7kv
569771,k3zasgs
569780,kg2bqmn
569798,hdjbvdr
569801,psmayej
569810,bebb2in
569828,uina9em
569836,un2ath9
569844,a9iaxhy
569852,8cyaqb2
569861,6bda9xx
569879,g8eb3qc
569887,e4na9yr
569895,fj2aza4
569909,s66bs5u
569917,hwpbe5g
569925,jnua7ei
569933,y4ua6uc
569941,w2ja6je
569950,dhjbmp9
569968,qqba6hm
569976,pscbxfr
569984,njha38f
569992,ujmaua9
570001,49ea7e8
570010,wyzapft
570028,yera6r3
570036,i27bjnh
570044,kg5beaj
570052,k6fa6t3
570061,g3cbxqu
570079,77ibvpt
570087,d2pa7f2
570095,2x5bvdh
570109,enubzs2
570117,8zijdut
570125,da2ap85
570133,ry7au58
570141,b2rbvuf
570150,tqgap7f
570168,5mdaxhj
570176,s7ca6fp
570184,3yma6fj
570192,2aijd5w
570206,u73apk3
570214,mbpam5e
570222,2gxbhd2
570231,ayya6mm
570249,th9bmzg
570257,ierbqcp
570265,ujia6mc
570273,nyxbmse
570281,ti2bvja
570290,ax4a9ew
570303,qd7awhp
570311,7fya35v
570320,26xbtte
570338,wr4a3cz
570346,wh5b6qj
570354,wvkap8t
570362,unxa5ub
570371,973b3ic
570397,tthbysn
570401,udebr48
570419,r4ha6p9
570427,8wpa6bq
570435,pkpaw7d
570443,cbkappm
570451,73fbcjx
570478,vz6bi69
570494,izcidtt
570508,2umb8hk
570516,hntb762
570524,fiaa6uk
570532,2t8apji
570541,xn4api6
570567,r2xapjn
570575,tvfa6iz
570648,866a9i8
570656,28sbbwr
570672,jrda9er
570681,qpfa9aw
570702,7uibqg4
570711,d54a6n2
570729,m9aa6ji
570745,ht3bpgc
570753,xhjb69z
570761,w9gasn9
570770,igka8f4
570788,fsxamdw
570796,h2ybbj7
570800,b2xa86c
570818,d7jbx5m
570826,9b8bdin
570834,kgca6qs
570842,rabamg3
570851,56ba5xf
570869,ny2bbfc
570877,nunbrcq
570885,6fna6dn
570893,7vpannm
570907,3jva6sf
570915,vxqa6tx
570923,hu5axzx
570931,u7pbyyb
570940,f9carti
570958,hbbauca
570966,d4iapid
570974,vqzav2y
570982,gg2amg9
570991,96samdh
571008,uf5a7ee
571016,uwmazhx
571024,qbja6ug
571032,b3wat2y
571041,ububaym
571059,y7da8uj
571067,vsraqgd
571075,cveatc8
571083,e8xa6eg
571091,wmib5xg
571105,ccaa9kh
571113,h7xbrwr
571121,nz4ajyx
571130,dxybr5w
571148,hrtanfw
571156,qeya53g
571164,3y8b2pi
571172,ix3ameb
571181,u4dbpe9
571199,dxgajiv
571202,s4mbq5j
571211,fyvank5
571229,vdmbz7i
571237,56wbz7e
571245,qmsa4he
571253,prgbz83
571261,fkzaj6q
571270,98ca4h4
571288,9dpb6zb
571296,vnyb2mr
571300,7rba4j2
571318,ahsasm6
571326,npvanb3
571334,8knajyn
571342,hgvb6xt
571351,68vb4q6
571377,ua3a3ew
571385,n5wb35z
571393,k4hby3r
571407,p2tb2n9
571415,ra4au2w
571423,t48apuk
571431,xjbbzpf
571440,cmfbwqt
571458,yt4b2n5
571466,9mdb2ny
571474,ienb2ps
571482,s7xb2pn
571491,mjybd2z
571504,u64a4qf
571512,7i4b2d3
571521,875aueu
571539,gtrbrq5
571547,zykb673
571555,svbaj4k
571563,cshb2qa
571571,p82a4u9
571580,aw2byva
571598,vccaj2p
571601,dcka7cq
571610,mjsb2q7
571628,mrza4w7
571636,wambndp
571644,tuja9ba
571652,857bnni
571661,y9tbk7v
571679,5e9biyh
571687,ay3auai
571695,zqea4xe
571709,wc3b2q3
571717,zvnaj9q
571725,jaya4y4
571733,66cb2qv
571741,6h7a8dx
571750,fxmb2rp
571768,qqwb2rk
571776,zh7b2rg
571784,x5bbgnv
571792,vfja7xu
571806,m47amfq
571814,xifb4gq
571822,abgb2s7
571831,a7sa43i
571849,zrdapt2
571857,i4rb2s3
571865,j6bakdp
571873,usca438
571881,w5aajvf
571890,4pbb2ss
571903,n57a44t
571911,qwub3yr
571920,bvva46u
571938,xt6atim
571946,ps5b6zk
571954,aedate6
571962,4w7a9rd
571971,trcame6
571989,8a8avvk
571997,si4anfs
572004,s4ib3gn
572012,fr3ap68
572021,z3kamgx
572039,3vtb3gi
572047,jeybyfz
572063,3mcbx93
572071,cn4b3hd
572080,mgdb3h7
572098,mc9a493
572101,tkya3bk
572110,rtubp6w
572128,xpsa9f2
572136,7zsa7sg
572144,f8da6xw
572152,zbna5aa
572161,q3bbbq9
572179,f22bzyn
572187,z9fay28
572195,aeaa5r9
572209,c93a5ch
572217,m3ca5cb
572225,tzibpnt
572233,vn9a3kj
572241,khzbbha
572250,9h9a4eu
572268,jzrbny8
572276,zzra5dk
572284,ak4a378
572292,332a5nj
572306,y64b7vt
572314,v3za29n
572322,9t7by4w
572331,2pua5gx
572349,bvkb372
572357,gika4ku
572365,wkxa9pk
572373,3spa48c
572381,u3pa5hf
572390,zxzbax4
572403,gcna3dm
572411,zsrbtms
572420,pfia5iy
572438,24ka452
572446,aqha3e6
572454,zw8a3dd
572462,kyha5kv
572471,vrsa5ks
572489,p5ma5ma
572497,7fpb263
572501,tara5np
572519,zxwbma7
572527,gi7byus
572535,cvba5pb
572543,rpgb53b
572551,ya6bt88
572560,6c5a4df
572578,ft8b3ir
572586,ibia4fk
572594,7cja4wv
572608,sbba456
572616,p24a3m3
572624,nx9a3vk
572632,ehya84f
572641,sdnbtti
572659,ztmbqug
572667,7iha554
572675,cm8b6an
572683,z46a4kk
572691,bkia4qp
572705,vcrb4yt
572713,k3wa4tu
572721,dq6btp2
572730,5yda4q9
572748,q3wb7y9
572756,dstbygh
572764,nqvjdru
572772,t97a577
572781,67bbmkh
572799,pnca3yv
572802,gtxa42z
572811,m7qapfx
572829,6gcbqag
572837,whfbktk
572845,88wa3ym
572853,cjya497
572861,6p5a9k6
572870,hh2a45c
572888,htda5jg
572896,4j7a4ip
572900,5pwazhu
572918,53kbqmc
572926,247bzdz
572934,tgkbg8w
572942,atmbznb
572951,h75a48n
572969,bzvbymr
572977,vekbk36
572985,g6rbwxt
572993,as5as3b
573001,hg6a7wm
573019,rzya4p2
573027,mhiazpq
573035,5jma435
573043,dbibwt4
573051,t6pbhb8
573060,yhvb4z8
573078,53sa3x8
573086,auvamhr
573094,ih9bc8k
573108,guibzaw
573116,haca9gn
573124,nwha9f5
573132,3ddjdvc
573141,gj9a9de
573159,asubr4h
573167,28pbm9u
573175,yncbcrq
573183,vc2a5xm
573191,svwbgcj
573205,z4aa7dt
573213,xfzbp5e
573221,7e4a6w6
573230,38eapr5
573248,y73bsrg
573256,danbzke
573264,ghqa7d5
573272,aw8bb75
573281,pkka9ig
573299,677bit9
573302,ucibuvh
573311,enxbpfy
573329,kuwbs32
573337,sska6si
573345,etba9ij
573353,5z2a9ht
573361,j43byib
573370,szfj9sk
573388,jqpaphv
573400,xz4auru
573418,8mfatig
573426,g2ra3gx
573434,8qgb35q
573442,9ujapqk
573451,g9napjs
573469,8dgbwwz
573477,pjwapmk
573485,9peav37
573493,p2wbqb6
573507,ytha6e6
573515,yfma3yr
573523,69rbzxu
573531,ntya7fw
573540,qn9bvy3
573558,n3gbpsm
573566,3jsbg5g
573574,rg3j2t9
573582,c2da9pt
573591,cibaygm
573604,rehat9u
573612,vv6appd
573621,esmapmp
573639,xqna6nr
573647,2yfj2wd
573655,nchbsgm
573663,27za4c2
573671,7bhbuda
573680,szhasvd
573698,3ibapnt
573701,bn3a6qy
573710,d48a9fb
573728,xfeatvf
573736,wuqasz4
573744,rn3ak59
573752,m9ybqge
573761,wnpa35z
573779,ydkb8ji
573787,gzpbsxb
573795,hn4a85u
573809,ii5bafb
573817,62xb3hx
573825,pz8a6ec
573833,knvb37x
573841,zwca56k
573850,jqebni3
573868,gmtbqhx
573876,qmhb3ik
573884,vgcbfhk
573892,kybbsay
573906,u2wavxm
573914,nq6b4gw
573922,mdubzhy
573931,b3ta6d3
573949,pxpa4e3
573957,brneebh
573965,sacbh9g
573973,29jbjgj
573981,yygbkrp
573990,f8yb27v
574007,td6a4vn
574015,6iaav2s
574023,qasaxap
574031,qp5bs7s
574040,h78asvj
574058,aava6ib
574066,4k3azre
574074,53pbea9
574082,cspbd24
574091,zesb3ig
574104,puaa473
574112,gv7b53g
574121,sbwbzd5
574139,kfdbju3
574147,43ga57z
574155,aw5bni8
574163,z7pa6kt
574171,fgfbnr8
574180,rqma39u
574198,mxnb46j
574201,nkdazf6
574210,95qbcuv
574228,cp3bndz
574236,dfza6jq
574244,e49b58q
574252,2pjb4h5
574261,xfba58i
574279,qgfbxi4
574287,3h5bccy
574295,9zia536
574309,e6ea4e7
574317,7r4bb5t
574325,fkib7v3
574333,qida5ae
574341,3shbrwf
574350,q8jas2m
574368,izcb3j4
574376,4dda54p
574384,ppqb7sm
574392,45wbiib
574406,872a6rx
574422,6u4bpxm
574431,44ca3eq
574449,mg9byqy
574457,a6mb6vz
574465,uyybp7b
574481,k7ba32s
574490,5u3as68
574511,99bapdq
574538,bfdba37
574546,hxrapn4
574554,defapf3
574562,kesapk7
574571,n4fbana
574589,zgqa9as
574597,y3vbjyn
574601,i36a6i7
574627,thab25s
574635,yc7apmg
574643,b2ubjhd
574651,eijb5cc
574660,c9hjdnm
574686,83rbab6
574694,6rva32j
574708,wzpa9cp
574724,eu3a3y2
574741,jq7bv4w
574767,wucb4dd
574783,z4vb3ms
574791,yruazmp
574805,yqya4ey
574813,v9xa4gv
574821,628a4gr
574830,fuha4hh
574848,twzbmnk
574856,khtbx7f
574864,tswa4is
574899,95mbn7y
574902,ugza4m5
574911,bz6azkj
574929,d3ja4nr
574953,pa9a84b
574961,8fea4nc
574988,hwkbrgj
574996,5dkbd7x
575011,t2ebkvh
575046,5ijbuii
575054,d3gbezr
575062,erna4r4
575071,wfpbsd7
575089,hjpa9wu
575097,sfkazjv
575101,9i5azmj
575119,stga3z9
575127,2wna3wt
575135,iceaznb
575143,3u5bhjn
575151,8whbszt
575178,7hma8wd
575194,e7aazmw
575232,hnbazjz
575259,f5ua4xp
575305,ahpa4y8
575313,4via4ys
575330,s5pazn7
575372,2eha42q
575381,jy3a43e
575399,hitbcp4
575429,kvsbqar
575437,ymja47y
575445,f7ha9q8
575461,ktfazkd
575470,k5ja9kd
575500,b4hbqav
575518,ysma87f
575526,v6ia49v
575534,y79a53c
575542,m6jbq9e
575551,zukbbq5
575569,di8bsgt
575577,94xa5a6
575593,tpha5bt
575607,dszbbsb
575615,84fbt82
575623,3wyazn3
575640,aktb28e
575658,hz7a3zf
575666,cp9azpw
575682,as2a5ee
575704,jkba5e9
575712,udka5e5
575721,y5ibqr7
575739,dx6a5ft
575755,cucbitk
575763,bpxa3xn
575771,watazpk
575780,bxia9xc
575810,kaea5hj
575828,vkqazka
575844,kg8a3xi
575861,x8ta5iu
575879,6dzazk6
575887,bdfb5bx
575909,vaha3xc
575917,3dxa5j9
575925,4fmb656
575933,b68a5k3
575941,dr2bqwq
575968,q83bzmp
575984,ihga5nt
575992,28vazjr
576000,wfva5p4
576018,svtbspn
576026,zkza5qh
576042,634azpg
576051,tyua5rz
576069,qc8bbmz
576077,p9mby46
576085,4k6apeb
576093,t3yb3z6
576107,k6iaugz
576115,nm2a58q
576123,i5qbmnq
576131,jyybfef
576140,aj8a6yh
576166,z55apg8
576174,z6ta9d4
576182,sg9a6cf
576191,spybe5d
576204,zhka6hh
576212,2s6be2w
576221,rs6a594
576247,e6zbyn6
576263,mp6bkts
576271,mgjbetz
576280,bg8as6n
576301,j4dbemd
576310,uhyaphr
576328,ij4avbz
576336,r3ma9gi
576352,gk5a6k5
576361,aj5bhbi
576387,5rja6ac
576395,m2ga75k
576409,6esa86x
576425,ttvapee
576433,t79byfv
576441,vjjb3er
576450,89kbmvf
576468,5bxa9eh
576476,muia6wd
576492,52wa6qi
576506,j6za6am
576522,q43a56s
576549,4hrap7b
576557,iw7ap7k
576565,rdia9d8
576573,xyfapy9
576581,rf6ay2e
576590,kekbcaa
576603,x5ea6bu
576611,3aia6c9
576620,m7cbyt7
576654,2vsa6p5
576662,5a9aphm
576671,9dya7y5
576689,afrbw8w
576701,2pnbr62
576727,2isazgf
576735,g59aqcu
576743,ratbt34
576751,ch2bxhv
576778,mxxa55d
576786,ha8a6pf
576794,u8ra9hx
576808,z9cbbd9
576816,agta7ri
576824,u9ma6qn
576832,apma57f
576841,qzna6xs
576859,y9wbaus
576875,y3aapqq
576883,f83bqus
576891,afxbair
576921,cacb3u6
576930,dq9bhcx
576948,f74b5y6
576956,bb3azh9
576964,d36bywp
576972,k9xatpz
576981,s5sapb4
576999,shxbp99
577006,bz9an9g
577014,tynbsf4
577031,3w3apby
577049,2pajds2
577057,zvabvmz
577073,butbum9
577081,y5mbee4
577111,3iqb8kx
577120,52zaudf
577146,ieubdzk
577154,ib5bypj
577162,qh7bryj
577171,44xbxnp
577189,4gvasyk
577197,g2nbdtx
577201,6d4an93
577219,zq4bnua
577227,xdran4x
577235,vb3bi3x
577243,488bt4d
577294,5vrbc32
577308,yf8bx8q
577316,762an4t
577324,i9wbufh
577332,9exasur
577341,28yan8n
577359,h6abk57
577367,7wpjd4d
577375,n4cbkzc
577391,cqcapcr
577405,6dwbbx6
577413,ne8a7ss
577421,ktian9a
577430,e7dapat
577448,4qyb7jd
577456,htabfwg
577464,d2eb6g8
577472,wpgbbpr
577481,vktan97
577499,mhmapcm
577529,j7pbp7f
577545,akbaumd
577553,7kubutg
577561,jyaavhj
577570,3yfbs5n
577596,mw6awjk
577600,gyban5j
577626,vehbxe9
577642,bxfbkad
577651,bsabsmy
577669,7mtbfp5
577677,whibagi
577685,a3tjd6q
577693,tcebaf5
577707,2vkbtd8
577723,fqbavqr
577731,6jrbphg
577774,s4ta4fg
577812,s78a3ng
577821,ha2btdi
577839,z89bmqe
577863,wi7be94
577871,3v4a4fc
577898,cpda4g5
577910,ckjbzh4
577928,22nbxdq
577936,vcubsmr
577944,wx2a4j7
577961,rbva4kq
577979,5m6a63e
577987,awfa4mc
577995,j4abqyf
578002,xkjamiv
578011,kxxjdw2
578029,zc5bwry
578037,nuua4nm
578045,ajxb5zp
578053,pzca87j
578061,fgqapq2
578070,zayajde
578088,n6sbzcq
578096,azua3ub
578100,6gia3kd
578118,pixa4ry
578126,yb8a4ru
578134,hwsa4sf
578142,sp3a4sc
578151,3hca4s6
578169,cama4ty
578177,juwj2ur
578185,6nga4tj
578193,behbdug
578207,5qpa83m
578215,9tka4ux
578223,tqybwsg
578231,wttedqt
578240,7ytbkws
578258,37fa4vg
578266,cyqa4wa
578274,wjaa4wz
578282,59ibrui
578291,fubbq7k
578304,3zha3na
578312,29rawsf
578321,adkajuc
578339,c3ub26g
578347,x4cbvs8
578355,e9ta3m7
578363,72na4z7
578371,js5a3u7
578380,3tgbcs3
578398,rk8a42w
578401,ukea3u2
578410,f4vbh3z
578428,ecwa44x
578436,km7bia3
578444,fqtb4bs
578452,xxga44m
578461,8zeajms
578479,kn6a46r
578487,vgfa46j
578495,9m9bxvq
578509,q28bm3d
578517,s8tbxwc
578525,ctdbxxy
578533,zi3bxy6
578541,txaanmc
578550,szea48g
578568,8emau4i
578576,w87brph
578584,yuda3mv
578592,bh4aqdd
578606,cnkauwb
578614,iviaje2
578622,v77a92f
578631,uavbp4z
578649,6xta49r
578657,6zga929
578665,sjkbu2r
578673,tsqbq8v
578681,iv8a5by
578690,5dpa3uw
578703,cssa3p4
578711,4gsa5bp
578720,7mwa5c4
578738,ge7a5dw
578746,na2ayzz
578754,q8ga5dq
578762,d6ya3vq
578771,3gdbhwg
578789,46va5ez
578797,infbjzb
578801,nrfa5fn
578819,v4kbxhj
578827,fp5biew
578835,g5aa5g6
578843,x6ybmff
578851,9mna3ms
578860,bg5a5hr
578878,iexa3nk
578886,em9a5i6
578894,h8tbn5g
578908,ijtbuc7
578916,skna5jd
578924,kiyawdy
578932,6i3a5kn
578941,fcca5me
578959,ywwa5m6
578967,9p7a5m3
578975,qi3bn7a
578983,9dvbib6
578991,mnka5p8
579009,qfua3a7
579017,a5caqq7
579025,3acbs2c
579033,jjiavuf
579041,c7cbp2b
579050,reea6kx
579068,ef5bqz2
579076,7w9a5s9
579084,e2tbrvc
579092,7qfa7cb
579106,3g9be59
579114,piube4y
579122,8hxa6nm
579131,n48bh85
579149,hzba6sn
579157,qvabku4
579165,fw2a6hs
579173,ptzb38b
579181,ef8beny
579190,hzzbqpj
579203,mu5b26c
579211,8nwbkz5
579220,jgwa57b
579238,8iqbd8c
579246,3rqbicp
579254,7tua6ja
579262,js2bd78
579271,bmhapkb
579289,iu9bifa
579297,dgsbd5f
579301,gjjapgg
579319,u7sbnm9
579327,g9dbnky
579335,vyka32n
579343,ykkbiba
579351,4bfbycd
579360,u5iamks
579378,k4vapph
579386,2uwa9ge
579394,x5zb2jt
579408,5zcapkv
579416,p6bbpi4
579424,eaybxcm
579432,avja7em
579441,2kfa59x
579459,d2kbhs2
579467,buwbia6
579475,xk9a7ft
579483,zsxa6xn
579491,ggnbwuh
579505,q95a96a
579513,zcfbcuz
579530,vnda6ds
579548,sa2b36e
579556,8ribcna
579564,pb5a6b2
579581,sdxausc
579599,xecbjcu
579602,78ka58e
579629,weqb7hj
579637,2awbshw
579645,z86bx3g
579661,eiua6b6
579696,57sbxe5
579726,ku4a6dx
579734,z8dbqhm
579742,fb3b4nn
579751,8g3a9fw
579769,raza7dz
579777,v4sbatd
579785,5hvbamn
579793,metbkdk
579815,v83a696
579823,we3ed3p
579831,4tsbaib
579858,f77btm4
579866,ks9bnai
579874,sqnby29
579891,bxcbwmg
579947,w9abfcc
579963,mgna4gz
579971,29db76q
579980,ze3a4ha
579998,izma4iw
580015,kdqbe3j
580023,2g2a62z
580031,bhqbzrn
580040,p67bkrv
580058,ddga4jf
580066,m6ra4jb
580074,ivxb4c6
580091,5wibkmu
580112,pxkber4
580121,yz2b3vb
580147,54gbmu2
580163,5aaa4mx
580210,kikb7r9
580228,uy6a3h8
580261,g8pa4p6
580279,y6ebmyv
580295,2s9a4pw
580325,hcvbbgv
580333,zccbn74
580341,66ma3pp
580350,2bpbz3p
580376,m5kb6ds
580392,85ha4rn
580406,vu7a4tq
580414,ffra4ud
580422,y2ba4u3
580431,ikva4vs
580465,qq7a3qe
580481,kf6btex
580490,2mba3gn
580503,5sfa3h2
580511,27tbq25
580538,mnbb4qe
580562,twba3rq
580571,djea5sm
580589,ejqa3iv
580619,w9da4zb
580627,pcza3ir
580635,j7kb2ii
580643,8xja3if
580651,xf7a3fb
580660,4pka3rm
580678,dgva3se
580686,8qra44i
580694,ncpa5sh
580708,rwja5g2
580716,59qa46f
580724,e2za479
580732,cyfb3xg
580741,w5ya5sd
580759,d9bbsj3
580767,beka3hg
580775,hqua3ja
580783,m96a3sa
580805,cgja527
580821,xria3vf
580830,fq4a5ak
580848,7cab3x3
580872,zwxb2ej
580881,wuma5c7
580902,wdca3pt
580929,w3fa3s4
580945,7uqa3sy
580961,ygzb7sh
580970,fxwa3qh
580988,jnjb6fq
580996,x6aa3ij
581003,8bza5fe
581011,xaxbj5w
581038,3bea3jy
581046,uzxba3x
581054,by4bq3x
581062,sqrbnp7
581071,q8dbfqr
581089,8z4a5iq
581101,9wza33x
581119,b4pa3ks
581127,k9ua523
581143,j7va3hc
581151,jcma9rm
581178,sribv9y
581186,47jbpbt
581194,gmza3tt
581208,kvya3kn
581216,qtqa5qk
581224,pbxbsz5
581232,rfaa3tm
581259,ia9b3gu
581267,9jwa87c
581275,i7ja5r5
581283,ecmb355
581291,xx3bzck
581313,z52azta
581321,egba4bv
581330,x6vbxsh
581356,9iubynr
581364,7q5bq97
581372,qmkbq7h
581381,jf2a8yk
581402,86dazyc
581429,3h8azzx
581437,cbhaz2p
581445,bmeazxd
581453,rvvajj6
581461,k4saz2j
581470,g8kbe26
581496,beebp7j
581500,aijaz7x
581518,t45az7p
581526,dppaz8c
581534,dtva8z4
581542,uvnbem9
581551,2rebkkg
581569,8rma2b9
581577,9ugaz3n
581593,g9jazwu
581615,w5pb4tj
581631,25ga2cr
581666,cqrb8av
581682,5scbdu2
581721,g56a2px
581739,qaeb8ny
581755,uidb8ft
581763,2qqa2pn
581771,yxsa2uu
581780,wgra2ws
581798,3caaysn
581801,4ajb25n
581810,a49a23b
581828,ssbb5tq
581836,ps8buni
581844,gp9b4ua
581852,7wyb4tf
581861,692a2wn
581879,ae3bdb2
581887,7p6b6dj
581909,hppb5dr
581917,kzabc6k
581925,9wtbqr3
581933,67kanjb
581941,upta232
581950,rxcbc2r
581968,g53bc2x
581976,jk4bcy2
581992,zmpbpmb
582018,aheb3ze
582026,5cib5ne
582034,iw4a2ip
582042,95ta2hv
582069,bp2arkk
582077,2atb4uy
582085,snzbt9r
582107,ae6a2yz
582115,9q3a2ur
582123,bwgbzer
582131,r47bqk5
582158,esfbcbs
582166,w6ua2z4
582174,c29a6wj
582182,z5xbb6b
582191,anxakaj
582204,b2nb77i
582212,axtb8f4
582221,kzda2tj
582239,2ipbbtf
582247,fh7bg7p
582255,jc8b5zj
582263,9niayug
582271,nr2bzpm
582280,h8za2fd
582298,9fqa2ej
582310,qraard9
582328,y85a3a3
582336,wewbitd
582344,tq6a94d
582352,r56bbgr
582379,xtbj2vy
582395,xxabrsq
582409,gvhbj6i
582417,4hna2ie
582433,sjvavzj
582441,pdsba4g
582450,mr4asj5
582468,mqxbudk
582476,cnha69e
582484,9u6bjyi
582492,n2hb4wz
582506,pgea2rp
582531,vg5bn3f
582557,d88b4w7
582565,ckxap5t
582573,tzqa2yp
582581,iajbhjw
582590,fcfatab
582603,s9sbisy
582611,vhzbka6
582620,gf3a2km
582646,8nzban3
582654,dswbm5e
582662,3p6a286
582671,77qa8zp
582689,chfa29w
582701,dkaa2zc
582727,7f3arss
582735,8kkj2vv
582743,9b2bz8t
582751,hu2bacy
582760,nvqazvb
582778,axbazu2
582786,a7kbrrn
582794,7r7azss
582808,8vta84z
582824,mh2b8ar
582832,c96asze
582841,fiybqrh
582859,24hbfg3
582875,rpuaup3
582883,zr9ak2t
582891,sqxazz3
582913,3z7bmj6
582921,fgmaz34
582930,p9waz3y
582948,izibevw
582956,52tbg3i
582964,3fhbkps
582972,9qaataw
582999,x79jduz
583014,y27az3u
583022,7spb8dr
583031,ivca747
583057,msyapss
583065,2aeajwu
583081,f6fby7k
583090,5brbv4k
583111,wnhbqt4
583120,sh2bdw6
583154,qbgbg7h
583171,u8gb8i5
583189,5kha2au
583197,dy2a2ni
583201,gjyb8ek
583219,tpbbrzw
583227,t7db284
583235,edsa2bn
583243,jeda372
583251,5dhbqi2
583260,grea22r
583278,rcgbyuk
583286,jwia235
583294,zavavqh
583308,igqj2n6
583316,quka2xa
583324,kkma26g
583332,5wtamkn
583341,mataqwp
583359,te2az4d
583367,r2uazwq
583375,f3zbkua
583383,qi9a2h7
583391,6yebzhn
583405,i3aa9be
583413,bsjatks
583421,yvcanhh
583430,umaay3r
583448,rf9anpc
583456,encas7z
583464,p3yayur
583472,a34b4vs
583481,rsaa82b
583499,3yqat4g
583502,xbqbtpq
583511,567a268
583529,stjarn7
583537,jvdb4vk
583545,a3ebiyu
583553,vuzbrhu
583561,bmbbcae
583588,jasbrn8
583596,5kkapxr
583600,4jzbq8s
583634,sxjbk53
583651,9phajq5
583669,y8catq8
583677,ysfbvvi
583685,4q3bu8a
583693,zvga8xv
583707,vbganty
583715,qepb44n
583723,xbwa6zk
583731,xefa8zt
583740,md5a2gs
583758,rrebbtj
583766,ckua2gw
583774,3tja2f3
583782,6abbzec
583791,s2aa2f7
583804,7eeakz8
583821,dwzb69a
583839,s6abvw3
583847,f8abhax
583855,7nsa2jt
583863,494brb4
583880,4q6biv7
583898,a2mbbe3
583901,z95bix4
583910,gezbr3z
583928,9g7btv8
583936,pbfake4
583944,3vwbq5f
583952,2xfbbgj
583961,yu9ayum
583979,aqkaq33
583987,5vua2q2
583995,rutba2i
584002,qzjbhat
584011,ht9a2s8
584029,7j6bawk
584037,tmrbavb
584045,iu3b65f
584053,aukbkix
584061,b62bsa6
584070,h9pbkc7
584096,h5ka28d
584100,gr7bakj
584118,zkbajti
584126,6zabwqd
584134,4sza2yj
584142,z9xb7ma
584151,xnzazv8
584169,8m8a24b
584177,34wa2v9
584185,jbuaz7t
584193,wj6az5s
584207,38baz47
584215,kz6badd
584223,b8vbadh
584231,hzwb22m
584240,dxvb4gz
584266,vyparpk
584274,6vybk6c
584282,hxdby2c
584291,fesbhyp
584304,rcrazte
584321,ur9bfec
584339,qe3atqe
584347,jttbmr2
584355,yc4azyi
584363,hxnazz6
584371,kqmbwmd
584380,ifmbmje
584401,4weaz7h
584410,iteb2cv
584428,e6bber8
584436,27wbep3
584444,gw9bek2
584452,mbebk6k
584461,n63a2bi
584479,bwra2dj
584487,xdgbm55
584495,z34bt3y
584517,3bbbdwy
584525,mpga2ww
584541,wh8budg
584550,92bbdmw
584568,v3wbdkp
584576,2zybdgu
584584,czebnt4
584592,8cva2n5
584622,34tbc8a
584631,yxpbc7v
584649,wp6bvkp
584657,zraaz65
584665,ydpbv8f
584673,6yhbn6j
584681,555bsmm
584703,4ynb28y
584711,p9qbnr4
584720,gmqb2uz
584746,k4pbcdk
584754,6ehb775
584762,hdnbi2n
584771,4kybb4e
584789,uyaa6af
584797,47gbznw
584801,5vjbzr8
584819,f4sbue4
584835,fc8a2u6
584843,raqb6e7
584851,b74a2tr
584860,azjb2vh
584878,qsrbiuv
584894,6qwbg6v
584908,x69ane9
584916,z2ma2kb
584924,r8sa25x
584932,evubbis
584941,iugbave
584959,a8na2a9
584967,iica2vh
584975,qv3buey
584983,vepbaq4
584991,pjmbnns
585009,xtvbsjt
585017,xvqban6
585025,annbjbr
585033,3dubfw9
585041,ndja2z8
585050,3iwbjwr
585068,5ttb7bs
585076,x6daq7g
585092,kzybw3i
585106,yqsbq43
585114,rqcb3a2
585131,adqjd3e
585149,c8zbutv
585157,46yas3w
585165,83xamm3
585173,hu8amnv
585181,jvgbsii
585190,3rta7zn
585203,nzwa8n5
585211,mvbbeg5
585220,ip7beft
585238,r4bbtdc
585246,e9wara4
585254,5hsbkyq
585262,snhamnq
585271,cd2a32y
585289,b4kbdxs
585301,9mrarap
585319,kn9astn
585327,ie2arbh
585343,dzmbwwe
585432,75vbqwa
585441,mj6arcw
585459,m35bcw4
585467,2vpbg25
585483,s7fat4k
585491,3g3b3te
585505,5x4b3rh
585513,rmzbckn
585521,ddabq9i
585530,4wbbcii
585548,qfjb2bd
585556,k8vbi6d
585599,jfrb7zs
585611,yz5bri9
585661,twearem
585670,tkpb2cs
585726,zgmbjmt
585734,4u9b3z2
585751,jsub2vd
585769,n6aasrp
585777,72db32d
585793,6m7b3ut
585807,k74bbkk
585815,4vcbrnw
585831,bkcbres
585858,xgybaz2
585866,tzfbzzv
585874,b53b7ei
585882,asrb4fk
585891,wi4brk7
585912,nftb32p
585921,v74bkdg
585939,wwybt2j
585955,necbajy
585963,ukharhy
585971,7atbage
585980,py9bjin
585998,d63arin
586005,7whj2si
586013,xkda982
586021,mwvbvks
586030,mzhbk9w
586048,gq8bpqx
586056,4qabmnf
586064,ruqbmdm
586072,9biatms
586081,uyvb2ie
586099,vu4be6r
586102,7nhbzkz
586111,729by96
586129,tstbevs
586137,tc4buc3
586145,8t3beni
586153,83nbkn9
586161,dr5bejn
586170,jd7bqv7
586188,mdxbn6v
586196,9mjbdys
586200,kbaa2qa
586218,982bney
586226,rtxbdtt
586234,rcjbnhi
586242,q5ubdqi
586251,t8iazem
586269,qfrbdm8
586277,eydbdiz
586285,vvvbnqj
586293,mfkbtxd
586307,f28bdah
586315,c2gaxcq
586323,2qmbc2n
586331,evrbmvu
586340,gfybcxm
586358,tqabcvi
586366,zcia2hz
586374,jbjby8z
586382,e3sbcrz
586391,v7ea2gk
586404,krkbhhz
586412,5kebcmv
586421,76rbm5z
586439,7x5a2zy
586447,2jja828
586455,imnbcfi
586463,pu6a2eu
586471,bcua832
586480,2jgbjd9
586498,eg4bbvn
586501,23qa7wb
586510,kprbzen
586528,je6bbru
586536,byzb3e2
586544,tqda2ii
586552,wvha2jw
586561,unnb4vh
586579,us8a2az
586587,ngpby9e
586595,qn6b8b6
586609,5fxb4vd
586617,m38a2j4
586625,siwba5v
586633,btxbxei
586641,3mibbjw
586650,6fgbs3r
586668,j8nba33
586676,utwbj7t
586684,7h8b46c
586692,5jfbrr9
586706,h6dbas4
586714,57ybaqy
586722,ismbss3
586731,2dcb6u7
586749,t2hbaif
586757,i88baim
586765,xiibr5m
586773,btca26j
586781,e7vbvvu
586790,fnab2bh
586803,3fkbacp
586811,2e4bzap
586820,kb3baa3
586838,nnwa3ff
586846,jw5bxb4
586854,y4nbtig
586862,cjvbfk8
586871,9stava6
586889,ihdbfzt
586897,nzzawb2
586901,4ckawiw
586919,eczasrv
586927,3fpaxzn
586943,d94bz5w
586951,cu8bf2d
586960,re4bqht
586978,v6cbrxy
586986,vdqbpuf
586994,ffgb3vj
587001,mbkaygh
587010,7wda8jh
587028,ip4bqsv
587036,7txat87
587044,edkbnzr
587052,zd4bhmk
587061,wzsawzk
587079,b4saq9p
587087,dxkjdrx
587095,akzbei9
587109,6v6ayg9
587117,wfsbf24
587125,qtmbf3k
587141,fbga8ep
587150,kubawt3
587168,nx6bd8m
587176,zr3a9qz
587184,ykvaja4
587192,jinaymr
587206,nbxj2su
587214,xzza64w
587222,pdvayrg
587231,iujayie
587249,cyibrke
587257,8iwari9
587265,kz9ax2c
587273,4xsb5z9
587281,jmaaqav
587290,xkyb6gz
587303,qgqayhw
587320,qbdbtik
587338,njbbqwi
587346,jhpbdr3
587354,ytkat33
587362,3xra88u
587371,rt5aq5q
587389,gzva598
587397,duuatvq
587401,prnbdiw
587419,w5vbf5e
587427,h63bup3
587435,cbbbnqt
587443,y9zayhs
587451,n8qa642
587460,zuebyea
587478,8ckbzpb
587486,kxfbu39
587494,qciarq5
587508,8zbavyu
587516,j95b4it
587524,9anawe3
587532,7sya9cj
587541,cnebhkf
587559,3bhaq8v
587567,pf8bpfu
587575,2azbf6t
587583,v2cawg4
587591,9udbcep
587605,wmqbg9b
587613,9d6ajay
587621,42pawm8
587630,g62axwm
587648,b22awt9
587656,ppbanuh
587664,683bf2y
587672,2meaq5j
587681,i6pa8ie
587699,2x2b7qk
587702,tddavbt
587711,ss7b22h
587729,w8bbugq
587737,mqcax5m
587745,rg2av95
587753,8xnaq7c
587761,heibf9d
587770,5upb4ih
587788,68dav54
587796,e3va2ey
587800,r7tbf99
587818,a55aya2
587826,m4za95v
587834,3uca9zu
587842,sh8aq83
587851,jjcbiij
587869,u3sas6c
587877,pp4awed
587885,maibpxv
587893,wgjbpkw
587907,42ka8ya
587915,hkja65j
587923,vcxbgan
587931,ex7bz88
587940,peravy6
587958,gpyjd58
587974,ssebtgn
587982,zpcbuet
587991,krpa66y
588008,52qbtem
588016,g3maypn
588024,c26bg9k
588032,fcxbzvc
588041,ucqa77e
588059,fv9awxy
588067,8wsatym
588075,d3dbrcu
588083,8vmbvs4
588091,93aayhk
588105,zfxazqz
588113,aasbgvb
588121,fepbubs
588130,h7fajbq
588148,gx8azgq
588156,hema5wc
588164,uttbwiw
588172,6ktax23
588181,25abn2u
588199,z7sat9q
588202,i2hazrm
588211,2acj2t3
588229,nt3au4t
588237,bx5b57b
588245,55iawdn
588253,bisbaa7
588261,6frat2j
588270,bepaq6d
588288,ecqbrs2
588296,bg2bfur
588300,mc6bfk4
588318,5jqasq3
588326,442bmbk
588334,zdba93s
588342,695aqjk
588377,s6dbjjz
588385,t36bfbz
588393,vqqbu36
588407,r38b5qh
588431,ep4ammh
588458,x8qbfvu
588474,8ecbt5q
588482,yugaras
588491,2prbftx
588504,6w5ajcv
588512,rbsbexq
588521,nujidxi
588547,e24asu6
588555,uq7b6vs
588563,4w4bj4d
588598,w2ab5kk
588601,3p3bdj7
588610,bs9bdhn
588628,8taa64q
588636,amyazex
588644,quhbdab
588652,wgnbc9t
588661,66fbqds
588695,xjhbcz9
588709,gwjaup6
588717,23tavj9
588725,6q4augs
588733,vkibnad
588741,wdfarcq
588750,rs9atwz
588768,kgxb2yq
588784,ceqbmxs
588806,v86auw3
588814,9wqb245
588822,bgfajkt
588831,w4zbiwp
588849,tajbscs
588865,webanjf
588873,vi3autr
588890,abuarex
588903,42hbjbb
588920,gx5bbtq
588938,x54bp8q
588946,gwga628
588954,4pparei
588962,qjubwr4
588971,g4bbikg
588989,qtibsep
588997,m99arf8
589004,xwpaviu
589039,ighbis4
589047,hp3atzg
589055,rfdargj
589080,gzyatw5
589098,366b3wq
589110,m2sjdnh
589128,e4jbkbs
589136,jukbvbt
589152,nycarig
589161,xrmarid
589187,jjrjdqf
589195,epwbabk
589217,r5garjv
589225,6epbjhy
589233,f5nbrmt
589250,mrtbrkb
589268,ap8b2fe
589276,63bar5k
589284,2mwbxqm
589292,n54bffu
589306,kiva8q3
589314,cymbe9b
589322,cfhbvhk
589331,h5paqva
589349,ti5bi87
589357,ax7aw3t
589365,kdmbren
589381,6ndbe6k
589390,kehbnmd
589403,vh4a9x5
589420,hafaw5j
589438,9jzawu9
589446,xa5axft
589454,74eaxfm
589462,2htbekr
589489,2f9axg8
589497,v22bgdy
589501,y7abi7k
589519,gmwbd6u
589527,hyiaw8v
589535,m6uar88
589543,4icbkf8
589560,qvgax6z
589578,huxbkp3
589586,swyaqv6
589594,6ekbvu2
589608,itkbdnq
589616,d5baw46
589624,3m8bvgu
589632,564bdh9
589641,j5cazh3
589659,vuwb3uw
589667,mspbnty
589675,tbibc8e
589683,7gnbm2p
589691,5edbmrr
589705,t7rarut
589713,juvawam
589721,3xuawvr
589730,giebrax
589748,paabm8j
589756,udbb4fb
589764,czhbcg2
589772,5ffawac
589799,xpvaw4x
589802,qdzbi7s
589811,ad4bsfe
589829,kipbve6
589837,7v7bu9n
589845,rcnbb6f
589853,vb6a8qx
589870,qc5bmy3
589888,kdwasdg
589896,s5kbbz7
589918,89hbx8i
589926,x3nbbvc
589934,sfhbbwv
589942,5ptbbuu
589951,39sbtjv
589969,k9rbgd4
589977,5k4bwit
589993,n7xaxi9
590002,4y2arup
590011,d8ibiz9
590029,d7rbbfg
590045,8draxvt
590053,3jyaufd
590061,cq5awwk
590070,3p9aqv3
590088,cwvbktv
590096,35sax4y
590100,bfabmea
590118,ewuj2yk
590126,mbhbath
590134,u2qbimr
590142,ubrbmbq
590151,p85ash7
590177,y2eashz
590185,3cvbu2m
590193,hqnbp9d
590207,9tpashv
590215,ikyasiq
590223,gx2bm6t
590240,nwebjs5
590266,6pub8mc
590274,u9fbter
590282,tmuayib
590304,cxxavch
590312,tanbfzp
590321,tfta9n7
590347,8ntbxc8
590363,scaapzs
590371,b8yax2g
590380,pqyatm4
590401,n5zbrsw
590410,syqajbk
590428,tjbawi2
590436,fqwbryp
590444,y5tarqz
590452,xqraubn
590461,r7wa5w8
590479,vrhb4my
590487,euaaue7
590495,cmma92p
590509,mzpayjt
590517,txya8ia
590525,xe5bswp
590533,vb9awdu
590550,kz3bkqg
590568,2hwa39q
590576,u6tb3rm
590584,p4jbu4n
590592,bsga5xu
590614,i2zb8cn
590622,tfwaxb4
590631,ad7bf4b
590649,urabuin
590657,i7gbf45
590665,t5zaxee
590673,3zebdza
590681,6cub3em
590690,6byb57w
590703,tyrbf4z
590711,9zmatq4
590746,9gha9yc
590754,rzsbrd5
590762,ebrb6we
590789,uy3bdu8
590797,jxeayau
590801,ardaymv
590819,dqjaxf3
590827,74ba9sp
590835,z7hbtaw
590843,u9ibg3n
590851,djbbf5n
590860,cw3ax5s
590878,78ebswh
590886,uijbjrn
590894,2fdaz9f
590908,uqpayar
590916,f7bbweb
590941,j9fbimv
590959,tiiany8
590967,yv6j2mh
590975,3rzajbh
590983,wqca8wh
590991,9vub5ve
591009,hxgbnpa
591025,a3mj2uv
591041,7ssbv2n
591068,8mca5vi
591092,gqfbf63
591114,vjua4dj
591122,p4vj2mm
591149,uuva63h
591157,3pvbz9c
591165,rhqbf6x
591173,bf3buy5
591181,25dbcps
591190,idaawvz
591211,s72bqcj
591220,u2ta8aq
591238,a4abf7j
591246,6vvbxhf
591254,fkqbi7w
591262,rd8bta4
591289,7d2bwdj
591297,aakb5jh
591301,pjqbcbp
591319,fivb24j
591327,5t4a8ak
591335,sspaufg
591360,9yrawhd
591378,tunawy7
591394,pygbbys
591408,skdb4kj
591416,gkxbta8
591424,t9eawmc
591432,8k9bf8m
591441,xfwb2gh
591459,diia8jx
591491,2nvbik9
591505,tbqaqib
591521,yn8a9yi
591548,d5wbtc5
591556,tfmbwca
591564,96ka93n
591581,76ubbsw
591602,cfsawge
591611,z6ib8ea
591629,t7gbqvz
591637,9xsbbmp
591645,8imbqjf
591661,vg2bzei
591688,kjnbgas
591700,k8aanwe
591726,incbwce
591742,w6nbpp8
591769,iczbvw9
591777,ktxb77e
591785,ucsedsq
591793,ic7a886
591807,cvwbzx9
591815,yvxbirg
591823,cjaajc9
591831,vxmbg6y
591840,md8ap5p
591858,dtyawn2
591866,uf8au3b
591874,yniap3k
591904,dk3baj6
591912,fhea9mw
591939,s8wbmja
591947,cezanwk
591955,r62a8pi
591963,pc4aq7n
591980,nhuaxfx
591998,g2jbp62
592005,ef2b3c5
592013,fqzbfmm
592021,v6fbfkw
592030,kn3bfhs
592048,5jibfe6
592056,2eebfdr
592064,mafb2ay
592072,u52bt7t
592081,c69b2dg
592099,zqbbfaf
592102,tczb6p6
592111,sitbmgy
592137,vpcaq9e
592145,by7beqv
592153,vueau9v
592170,uhkbyvz
592188,ksdbq3r
592196,p27aray
592200,qq4bd3e
592218,escbnnv
592226,x57bdvm
592234,emjajm8
592251,s8barbb
592269,fngbdmc
592277,iz8bysu
592285,swsbdja
592293,kkibdhh
592307,3zkarb7
592323,i39at74
592340,su2bi5u
592366,bvyastr
592382,549bvew
592391,i76bzz3
592404,dpkbcjd
592412,puvbzf2
592421,yirbz8x
592439,8k6bsjq
592447,euvbqn6
592455,uhsbb7u
592463,jqhbb7y
592471,5cqbgy8
592480,phdammb
592498,bt2bk3f
592501,usfasq6
592510,yrrbbyp
592528,rw6bzqz
592536,k3mb3u2
592552,er9byz2
592561,sbeass3
592579,gpjbixc
592587,w3iarf2
592609,dhnbbc6
592617,32aba8z
592625,7utarfw
592633,gm4argr
592641,p3vba7s
592650,z8nargf
592668,azxarh9
592676,j98br7q
592692,m4tbwty
592706,dwebaz9
592714,s2ybkc3
592722,4e2bav7
592731,e3kbzf6
592749,vm7bs3x
592757,ypwbtvc
592773,js8arh5
592781,3t9bkcx
592790,psibark
592803,c6gbstk
592820,nx3bqjq
592838,5dsarhu
592846,seqa4c6
592854,2jdbvqc
592862,gj6bjqf
592871,jrabjrs
592889,wc6bqdy
592897,uhvazut
592901,v8ybhk7
592919,fc2bpia
592927,dnqbfcn
592935,7q2b3ka
592943,td3be8p
592978,c7ia3c8
592986,rw9bpdw
592994,zhebs7k
593001,fvvb8b9
593010,73iaz8w
593028,xyca2bc
593036,ifwani8
593044,xs4bizz
593052,9bfa5yu
593061,e64bnb3
593079,bhza2qg
593087,yy9bubi
593095,u4ja2q6
593117,hqrbdwa
593125,x3jbm8f
593141,uega2mu
593150,rxfa2pr
593168,dzqbkjc
593184,gyza82h
593192,d42bv5e
593214,2bvbddi
593222,tfqbjz7
593231,bbsbyif
593249,2dfbuh5
593257,vsjbc6g
593265,eada24n
593273,68gajsz
593281,sggawsj
593290,9pba8ea
593320,skgbr9g
593338,frya2hb
593346,t9ba8ye
593354,szzbzgf
593371,hfha253
593389,k56b5ub
593397,aigbciy
593401,zq7bch8
593419,7dcbcgm
593427,umvbvbq
593435,texbcfe
593443,cv7a2w3
593460,eyga27y
593478,gjdbb6j
593486,qhha73p
593494,t88bjbh
593508,6t8bsqx
593516,uwibbux
593524,qpcbjmx
593532,6tqaj5v
593559,f92bbqf
593567,a3ha8mu
593583,zrvbwe4
593591,q86bpak
593605,5k7bj7q
593613,cetbbkq
593621,iagbtwy
593630,wkubj2k
593648,82ya2rf
593656,zdzbtyn
593664,2z3a25t
593681,yn5bkbj
593699,6idajpq
593702,ih6bpjp
593711,ns4a987
593729,gjgazti
593737,mh5bvxn
593745,dwbbmcc
593753,g7mbt6i
593761,jqkazux
593770,bvsbfhv
593788,2t5azwk
593796,kepazx9
593800,u7yazx5
593818,5y9azxz
593826,72jbfc8
593834,acmayyq
593842,gnpbmqn
593851,5vnbpe5
593869,9n8bird
593877,259a9wk
593885,msvaz5v
593893,3gabt9j
593907,nceb4tp
593923,s9va8fy
593931,anra8yq
593958,w99az84
593966,t5qbwfk
593974,gutaz9q
593982,rm4az9m
593991,h4qa5zn
594008,22rbk2m
594016,jnnbt4m
594024,r9gbk2r
594032,i8iaqmr
594041,qgibk7z
594059,7k4edqq
594067,hz4becg
594075,gdcbmaf
594083,zp5b3yn
594091,hiwa2c3
594105,sb7a2cx
594113,kp2a2dg
594121,mwybi9p
594130,vhba2da
594148,f6qaz6e
594156,yuabdyv
594164,6b3btut
594172,fbdbirq
594181,ttsazrh
594199,pcwbdvr
594202,2k8bdtq
594211,ebubujc
594229,etzbtff
594237,d9ha5vx
594253,a95btrx
594261,jwfbde6
594270,9tebri3
594288,rhib4u4
594296,9uabnrs
594300,35kbks3
594318,47ra2mq
594326,wvbbn9z
594334,c4tbm24
594342,f3ba2xe
594351,f9xbm3h
594369,5g4a23w
594377,vzabmxg
594385,xuxa24e
594393,zmva2x7
594407,wywazsv
594415,ycwbnnn
594423,jv9bz4d
594431,b9jbuad
594440,nzqbvc8
594458,vg8bcqd
594466,6ypa2gg
594474,ytebgr7
594482,sb4bcpy
594512,iftayva
594521,jbrbciu
594555,pdpbmfj
594563,xunbz5k
594571,wbebvxg
594580,gnvay2i
594598,prra27v
594601,q34bja4
594610,z5ubnhe
594628,3wvbbz3
594636,x4fbjf6
594644,p6ha2uy
594652,s84ayv6
594679,rqqarwr
594687,6jxa2tc
594695,vsna2tf
594709,8uxbbv8
594725,7dfaz5k
594733,j9cbuyx
594741,jzxa2a5
594750,8rcbzcf
594768,8x9bmfb
594776,jk7a2m2
594784,k86aj57
594792,dphbnwf
594806,5qkbjen
594814,m7fbng5
594822,atwa2m5
594831,q9ca2kf
594849,38zbjz3
594865,xy2bj88
594873,9cba27j
594881,fzab7i7
594890,j8jbme6
594903,nv8b8gd
594911,kwrba6d
594920,x9pa2rj
594938,smia2s3
594946,sgyb5dm
594954,c38ars7
594962,39vbg8s
594971,qypbj34
594989,3eta2sx
594997,en5a2rv
595004,qgmbauw
595012,tbma2vd
595021,4exbk8a
595039,ykhbund
595047,f7ebj38
595055,2crbak9
595063,q5rbp3k
595071,w7mbaju
595080,kt5bjh9
595098,4ugbuf7
595101,a43bprf
595110,vdwa26c
595128,v2faj5z
595136,cqxbjkq
595144,35pbafz
595152,qxzaz6a
595161,czkaz5z
595179,d4fazvf
595187,5a6azup
595195,7hibi9e
595209,ybxb3sz
595217,g4zb4he
595241,yxvaqhs
595250,x8ib4j2
595268,ithbpzs
595276,326a8fu
595284,fsra933
595292,8qnbffj
595306,mtna9pp
595314,de5a9cz
595322,pqpbsna
595331,gawa8x7
595349,esiazyr
595357,crqbs6h
595365,dbqa95z
595381,mnhbf28
595390,quebpme
595403,f25bpmk
595411,b3mbs36
595420,kxqav23
595438,rebbgxx
595446,6pcaz2a
595454,9rrbkrk
595462,h7cavnt
595471,rqfbqxx
595489,um3a8mm
595501,igpav4z
595519,8djbkjx
595527,ksgbeqp
595535,ikkb3wy
595551,5nxbem6
595560,6kmbkq7
595578,ccdaw9e
595586,w47av8k
595594,vyhbedp
595608,ea9aybf
595624,a6zavhr
595641,z2fbpae
595659,dqga9s5
595667,k4kbnqp
595675,rwab4h8
595683,whmax5h
595705,rjjax9c
595713,gehajgy
595721,3c5edxu
595730,brebvea
595748,5bnb8fp
595756,m3xbzka
595772,pe9b4j8
595802,cc3bg6a
595811,q7sajgu
595829,gpgbvaf
595837,v65bzhu
595845,6j2aqga
595853,vfgbiav
595861,cuiav5h
595870,bcxawqy
595888,23ibukf
595896,vwxaw96
595900,7k2a75d
595918,uzubme2
595926,7x2bdcz
595934,6aka2d6
595951,k2ubua9
595969,6p8aw93
595977,m78bv2y
595985,wcdbgt4
595993,imraz4h
596001,bgcavxv
596019,mcjajc5
596035,m32bn97
596051,baba63r
596060,w44a8jp
596078,ipzb25y
596086,f3eaqkc
596094,emyb4jc
596108,3kuarn4
596116,stabqpd
596132,vbvb7r5
596141,pbcawr7
596159,utza9us
596175,myib2da
596183,t8cbm4q
596191,ezxbunn
596205,378bcfa
596213,5z5aw6q
596221,hqxaq87
596230,y67bvir
596248,u3eb4im
596256,vvybcdg
596264,sizaysu
596272,329av4r
596281,x66ayrc
596302,384a9n3
596329,kcrbt7x
596337,cggbgd8
596345,nvmbb8c
596353,yhaa8ra
596361,ba7a4ai
596370,wkrbwdp
596388,unubf7c
596396,srqa9jv
596400,72rasn5
596418,2yba8pc
596434,tbfbpjh
596442,7j9ayjk
596451,fkta8uv
596469,369brjn
596477,3n7bgcg
596485,e67bbyy
596493,bpnb2yu
596507,fhhaxat
596515,eeja9vf
596523,gprav99
596531,rvsavw8
596540,eteaw7g
596558,2xiay5i
596566,zx4ayk4
596574,mn7bzx6
596582,33gjdyn
596604,citb63n
596612,7grbbpm
596639,5maa9um
596647,rkca7t5
596655,4bmbbn8
596663,b6xb4m9
596671,wq8a55a
596680,aayat78
596698,8zaedw9
596701,qjcap62
596710,y4xauha
596728,ewtaweg
596736,zu7b7y5
596744,rybaxwf
596752,pxhbq46
596761,gk2bgx5
596787,uk7bbeu
596795,8yfayr6
596809,65jbs63
596817,h9sa9z6
596825,uqebxbx
596833,xkgaxvx
596841,je9azet
596850,mufbg9e
596868,ekhba4k
596876,wnsarsw
596884,zi9bbaz
596892,nk6a8zz
596906,fdbaqh2
596914,wcabs67
596922,yh3bgb3
596931,m4wbkgw
596949,inmaxb8
596957,zrybj3z
596965,7awax5d
596973,67zb7hf
596981,qjxbkez
596990,69ubpks
597007,gvebwhm
597015,p4uav3g
597031,mpabpk2
597040,k65bqqy
597058,fv3bjm4
597066,brka8q7
597074,z6qbjq5
597082,v5uajcz
597091,ekebmfp
597104,7ikatsz
597112,fzja8hz
597121,adhav7f
597139,w53atfb
597147,cc9aug7
597155,sv4atng
597163,yajaxy9
597171,hnzbjgv
597180,c9vbr2k
597198,h9kbwpa
597201,8n4ayb2
597210,5igb6vk
597228,f5rbfaq
597252,q4aawkx
597287,hmiarz7
597317,ztqbehe
597325,gpsj2td
597341,9czbk4f
597350,sxgbxg6
597368,azrbd7c
597392,2cnbkxb
597414,d8fbvcc
597431,sdua65f
597449,79dbds5
597457,6rkb23r
597473,aidbnv2
597481,c8eayjx
597511,ubxaymm
597520,ndgbdc9
597538,a37bsiq
597546,fndbpye
597554,d7nbmsi
597571,zdeaxqq
597589,vjxar2g
597601,6c8ar2c
597635,qz9b27r
597678,3jpbtgj
597686,crmb5hk
597716,xnwbb89
597724,emabine
597741,eedbwjj
597775,yq3ar3v
597783,7zkbugk
597791,94nb4bc
597813,vxibth3
597821,ibmar4h
597872,8ycba46
597881,5wqaxxq
597899,tdvb3wu
597911,q92bkhb
597937,sxnbasy
597945,3v7ar49
597961,znnbahx
597970,bivaxx6
597988,6kqbad4
597996,rx8a99k
598003,w4wbu9s
598011,g5vbzq5
598020,wssbk9s
598038,37cbe8h
598046,naubmp5
598062,cg6b2a6
598071,2hmb3aw
598089,625betr
598101,rx2bwxp
598135,f86behq
598143,7fvbegw
598160,stdbeca
598178,r5abd9y
598232,mezaxph
598241,bgbedva
598259,dj4bppi
598267,bdmbgms
598275,agwavef
598283,9icar3p
598291,hy2b5tw
598305,uydatxc
598313,s9zj2n2
598321,iwtbzjv
598330,kwxanga
598348,teubnsg
598356,i8cbdbu
598364,6isb4mu
598372,ir2awi8
598381,4udb6s9
598399,h7ub39u
598402,kjra5xr
598411,qp8bgup
598429,yxhbzv2
598437,mfsa69a
598445,5r6b2ib
598453,xx9bcnf
598461,5uaajkd
598470,r6cansj
598488,h2vbmw9
598496,empjdu9
598500,4axarre
598518,cmtamci
598526,yrjbynv
598542,5a3bb7q
598551,adzb4sg
598569,dd9bb58
598577,w5ejd4h
598585,4fwa74y
598593,nexb6ty
598607,qysa9q4
598615,dpge6uw
598623,je3bm4w
598631,zx7am9z
598640,ewibvfn
598658,yyramqh
598666,dchbhpr
598674,43absv4
598691,e9qbdy7
598704,4btany4
598712,34zaqi7
598721,jtzay3w
598739,asxbfrf
598747,naxbbc2
598755,vt5bua5
598763,yt7bqb2
598771,4r8atet
598780,rr4bvqi
598798,zznbfqm
598801,7x8aqnw
598810,4anbqsj
598828,cwsbw6y
598836,ge4bfqx
598844,tnma744
598852,6ysap5d
598861,9u3bwbm
598879,m29bfpe
598887,qahbwbv
598895,pmjaue4
598909,uz5andu
598917,es5bv8q
598925,tudbvzd
598933,dicbu92
598941,2hqbqxt
598950,7y4amvk
598968,pptbvfj
598976,yeuauey
598992,sx9b62z
599000,8szb55y
599026,ainapuu
599034,h3xawfv
599042,7krb66j
599051,u3kbfuf
599069,r7qbskc
599077,qnjbb35
599085,waqbb2k
599107,6snbbka
599115,dw7bij5
599123,xeiawnr
599131,p79avag
599140,wd5ba9k
599158,2m4ba2f
599166,us2bny4
599174,i9zbh4e
599182,a6tbh7u
599191,ywmb4nc
599204,ig7b4p3
599212,anjbvnu
599221,9vfakxa
599239,573aydx
599247,y9qbxiy
599255,djhatfj
599263,xswb7p7
599271,me4amce
599280,s3nb59x
599298,4xdak35
599301,um7j2un
599344,vz9a8t8
599352,7fsbqty
599361,4m2akm2
599379,zf2apdw
599387,6h4biqy
599395,x75ajmy
599409,88tbebn
599417,3u8a68m
599425,8a5a78p
599433,3zbbqcd
599441,7pja95k
599450,ndabz2e
599468,em3br89
599476,r4kauc6
599484,6evawtu
599492,nmcakbs
599506,nxyb2ws
599514,wcjat5z
599522,dwhayn9
599531,f7pak22
599549,ximbfsi
599557,f2iatdm
599565,42bb7zg
599573,8bbajig
599581,d3nasbn
599590,wqxb46g
599603,u4gbc36
599611,hnwbvtx
599620,v8sb6ac
599638,9cwbxfi
599646,bqmbmug
599654,jbxapuq
599662,ystakha
599671,ww6a7cg
599689,vn3bqan
599697,55maj2j
599701,kyebfxv
599719,ysqawuc
599727,y3pb8nu
599735,88qbqnr
599743,ntpb6g4
599751,ftma7as
599760,6hzbu32
599778,ewfb7sq
599808,rfvbx3k
599832,z3haxtz
599867,rf3bbdf
599905,48cbwvk
599921,vz3bvhc
599930,fakba7w
599948,ctjba9t
599956,799bazw
599964,dqdbj56
599999,2yzbsk8
